influencer,influencer_topic_num,influencer_topic_name,influencer_positive,influencer_neutral,influencer_negative
Abdul Somad,0,"brand, indonesia, yg",0.9095017852321747,0.9718885207787539,0.9376788950628705
Abdul Somad,1,"fahardhi, rian, tiktok",0.0,0.0,0.0
Abdul Somad,2,"gak, nadanya, ngejudge",0.0,0.0,0.0
Abdul Somad,3,"tp201, vivobook, meluncur",0.0,0.0,0.0
Abdul Somad,4,"bekti, indra, ssefmun",0.0,0.0,0.0
Abdul Somad,5,"goooo, umurnya, bar",0.0,0.0,0.0
Abdul Somad,6,"bernapas, dicari, dewa",0.0,0.0,0.0
Abdul Somad,7,"sirah, live, menghadang",0.9095017852321747,0.9718885207787539,0.9376788950628705
Abdul Somad,8,"evercoss, asean, berbagi",0.0,0.0,0.0
Adi Hidayat,0,"brand, indonesia, yg",0.9571620607987429,0.9555310886185449,0.9006952857971191
Adi Hidayat,1,"fahardhi, rian, tiktok",0.0,0.0,0.0
Adi Hidayat,2,"gak, nadanya, ngejudge",0.9571620607987429,0.9555310886185449,0.9006952857971191
Adi Hidayat,3,"tp201, vivobook, meluncur",0.0,0.0,0.0
Adi Hidayat,4,"bekti, indra, ssefmun",0.0,0.0,0.0
Adi Hidayat,5,"goooo, umurnya, bar",0.0,0.0,0.0
Adi Hidayat,6,"bernapas, dicari, dewa",0.0,0.0,0.0
Adi Hidayat,7,"sirah, live, menghadang",0.9571620607987429,0.9555310886185449,0.9006952857971191
Adi Hidayat,8,"evercoss, asean, berbagi",0.0,0.0,0.0
Adrian Maulana,0,"brand, indonesia, yg",0.9310164319144355,0.9451195995012919,0.7771216763390435
Adrian Maulana,1,"fahardhi, rian, tiktok",0.0,0.0,0.0
Adrian Maulana,2,"gak, nadanya, ngejudge",0.0,0.0,0.0
Adrian Maulana,3,"tp201, vivobook, meluncur",0.0,0.0,0.0
Adrian Maulana,4,"bekti, indra, ssefmun",0.0,0.0,0.0
Adrian Maulana,5,"goooo, umurnya, bar",0.9310164319144355,0.9451195995012919,0.7771216763390435
Adrian Maulana,6,"bernapas, dicari, dewa",0.0,0.0,0.0
Adrian Maulana,7,"sirah, live, menghadang",0.0,0.0,0.0
Adrian Maulana,8,"evercoss, asean, berbagi",0.0,0.0,0.0
Agakenyang,0,"brand, indonesia, yg",0.953932353428432,0.9235331187161003,0.8932690161925095
Agakenyang,1,"fahardhi, rian, tiktok",0.0,0.0,0.0
Agakenyang,2,"gak, nadanya, ngejudge",0.0,0.0,0.0
Agakenyang,3,"tp201, vivobook, meluncur",0.0,0.0,0.0
Agakenyang,4,"bekti, indra, ssefmun",0.0,0.0,0.0
Agakenyang,5,"goooo, umurnya, bar",0.0,0.0,0.0
Agakenyang,6,"bernapas, dicari, dewa",0.0,0.0,0.0
Agakenyang,7,"sirah, live, menghadang",0.0,0.0,0.0
Agakenyang,8,"evercoss, asean, berbagi",0.0,0.0,0.0
Agung Hapsah,0,"brand, indonesia, yg",0.915459658418383,0.9120070785284042,0.9229725305850689
Agung Hapsah,1,"fahardhi, rian, tiktok",0.0,0.0,0.0
Agung Hapsah,2,"gak, nadanya, ngejudge",0.0,0.0,0.0
Agung Hapsah,3,"tp201, vivobook, meluncur",0.0,0.0,0.0
Agung Hapsah,4,"bekti, indra, ssefmun",0.0,0.0,0.0
Agung Hapsah,5,"goooo, umurnya, bar",0.0,0.0,0.0
Agung Hapsah,6,"bernapas, dicari, dewa",0.0,0.0,0.0
Agung Hapsah,7,"sirah, live, menghadang",0.0,0.0,0.0
Agung Hapsah,8,"evercoss, asean, berbagi",0.0,0.0,0.0
Agustina Hermanto,0,"brand, indonesia, yg",0.8961829087313484,0.9036080426183241,0.8802435100078583
Agustina Hermanto,1,"fahardhi, rian, tiktok",0.0,0.0,0.0
Agustina Hermanto,2,"gak, nadanya, ngejudge",0.0,0.0,0.0
Agustina Hermanto,3,"tp201, vivobook, meluncur",0.0,0.0,0.0
Agustina Hermanto,4,"bekti, indra, ssefmun",0.0,0.0,0.0
Agustina Hermanto,5,"goooo, umurnya, bar",0.0,0.0,0.0
Agustina Hermanto,6,"bernapas, dicari, dewa",0.0,0.0,0.0
Agustina Hermanto,7,"sirah, live, menghadang",0.0,0.0,0.0
Agustina Hermanto,8,"evercoss, asean, berbagi",0.0,0.0,0.0
Agustinus Wibowo,0,"brand, indonesia, yg",0.9727571253049172,0.9551723875543651,0.9624611064791679
Agustinus Wibowo,1,"fahardhi, rian, tiktok",0.0,0.0,0.0
Agustinus Wibowo,2,"gak, nadanya, ngejudge",0.0,0.0,0.0
Agustinus Wibowo,3,"tp201, vivobook, meluncur",0.0,0.0,0.0
Agustinus Wibowo,4,"bekti, indra, ssefmun",0.0,0.0,0.0
Agustinus Wibowo,5,"goooo, umurnya, bar",0.0,0.0,0.0
Agustinus Wibowo,6,"bernapas, dicari, dewa",0.0,0.0,0.0
Agustinus Wibowo,7,"sirah, live, menghadang",0.0,0.0,0.0
Agustinus Wibowo,8,"evercoss, asean, berbagi",0.0,0.0,0.0
Ahsan Hendra,0,"brand, indonesia, yg",0.8738952316343784,0.9841769020232929,0.907979813005243
Ahsan Hendra,1,"fahardhi, rian, tiktok",0.0,0.0,0.0
Ahsan Hendra,2,"gak, nadanya, ngejudge",0.0,0.0,0.0
Ahsan Hendra,3,"tp201, vivobook, meluncur",0.0,0.0,0.0
Ahsan Hendra,4,"bekti, indra, ssefmun",0.0,0.0,0.0
Ahsan Hendra,5,"goooo, umurnya, bar",0.0,0.0,0.0
Ahsan Hendra,6,"bernapas, dicari, dewa",0.0,0.0,0.0
Ahsan Hendra,7,"sirah, live, menghadang",0.0,0.0,0.0
Ahsan Hendra,8,"evercoss, asean, berbagi",0.0,0.0,0.0
Alexa Belvana,0,"brand, indonesia, yg",0.0,0.0,0.0
Alexa Belvana,1,"fahardhi, rian, tiktok",0.0,0.0,0.0
Alexa Belvana,2,"gak, nadanya, ngejudge",0.0,0.0,0.0
Alexa Belvana,3,"tp201, vivobook, meluncur",0.0,0.0,0.0
Alexa Belvana,4,"bekti, indra, ssefmun",0.0,0.0,0.0
Alexa Belvana,5,"goooo, umurnya, bar",0.0,0.0,0.0
Alexa Belvana,6,"bernapas, dicari, dewa",0.0,0.0,0.0
Alexa Belvana,7,"sirah, live, menghadang",0.0,0.0,0.0
Alexa Belvana,8,"evercoss, asean, berbagi",0.0,0.0,0.0
Alya Nurshabrina,0,"brand, indonesia, yg",0.9344582557678223,0.9411882537979264,0.6085151036580404
Alya Nurshabrina,1,"fahardhi, rian, tiktok",0.0,0.0,0.0
Alya Nurshabrina,2,"gak, nadanya, ngejudge",0.0,0.0,0.0
Alya Nurshabrina,3,"tp201, vivobook, meluncur",0.0,0.0,0.0
Alya Nurshabrina,4,"bekti, indra, ssefmun",0.0,0.0,0.0
Alya Nurshabrina,5,"goooo, umurnya, bar",0.0,0.0,0.0
Alya Nurshabrina,6,"bernapas, dicari, dewa",0.0,0.0,0.0
Alya Nurshabrina,7,"sirah, live, menghadang",0.0,0.0,0.0
Alya Nurshabrina,8,"evercoss, asean, berbagi",0.0,0.0,0.0
Anakjajan,0,"brand, indonesia, yg",0.9147026260693868,0.9492343813180923,0.9299021260491733
Anakjajan,1,"fahardhi, rian, tiktok",0.0,0.0,0.0
Anakjajan,2,"gak, nadanya, ngejudge",0.0,0.0,0.0
Anakjajan,3,"tp201, vivobook, meluncur",0.0,0.0,0.0
Anakjajan,4,"bekti, indra, ssefmun",0.0,0.0,0.0
Anakjajan,5,"goooo, umurnya, bar",0.0,0.0,0.0
Anakjajan,6,"bernapas, dicari, dewa",0.0,0.0,0.0
Anakjajan,7,"sirah, live, menghadang",0.0,0.0,0.0
Anakjajan,8,"evercoss, asean, berbagi",0.0,0.0,0.0
Andhika Diskartes,0,"brand, indonesia, yg",0.9229973996127093,0.9568882267196457,0.9205117026964823
Andhika Diskartes,1,"fahardhi, rian, tiktok",0.0,0.0,0.0
Andhika Diskartes,2,"gak, nadanya, ngejudge",0.0,0.0,0.0
Andhika Diskartes,3,"tp201, vivobook, meluncur",0.0,0.0,0.0
Andhika Diskartes,4,"bekti, indra, ssefmun",0.0,0.0,0.0
Andhika Diskartes,5,"goooo, umurnya, bar",0.0,0.0,0.0
Andhika Diskartes,6,"bernapas, dicari, dewa",0.0,0.0,0.0
Andhika Diskartes,7,"sirah, live, menghadang",0.0,0.0,0.0
Andhika Diskartes,8,"evercoss, asean, berbagi",0.0,0.0,0.0
Andrea Hirata,0,"brand, indonesia, yg",0.0,0.0,0.0
Andrea Hirata,1,"fahardhi, rian, tiktok",0.0,0.0,0.0
Andrea Hirata,2,"gak, nadanya, ngejudge",0.0,0.0,0.0
Andrea Hirata,3,"tp201, vivobook, meluncur",0.0,0.0,0.0
Andrea Hirata,4,"bekti, indra, ssefmun",0.0,0.0,0.0
Andrea Hirata,5,"goooo, umurnya, bar",0.0,0.0,0.0
Andrea Hirata,6,"bernapas, dicari, dewa",0.0,0.0,0.0
Andrea Hirata,7,"sirah, live, menghadang",0.0,0.0,0.0
Andrea Hirata,8,"evercoss, asean, berbagi",0.0,0.0,0.0
Anindya Kusuma,0,"brand, indonesia, yg",0.8975887071518671,0.9387422389454312,0.9643301305017973
Anindya Kusuma,1,"fahardhi, rian, tiktok",0.0,0.0,0.0
Anindya Kusuma,2,"gak, nadanya, ngejudge",0.0,0.0,0.0
Anindya Kusuma,3,"tp201, vivobook, meluncur",0.0,0.0,0.0
Anindya Kusuma,4,"bekti, indra, ssefmun",0.0,0.0,0.0
Anindya Kusuma,5,"goooo, umurnya, bar",0.0,0.0,0.0
Anindya Kusuma,6,"bernapas, dicari, dewa",0.8975887071518671,0.9387422389454312,0.9643301305017973
Anindya Kusuma,7,"sirah, live, menghadang",0.0,0.0,0.0
Anindya Kusuma,8,"evercoss, asean, berbagi",0.0,0.0,0.0
Anthony Ginting,0,"brand, indonesia, yg",0.9272636230786642,0.9416126726378857,0.8467729843181112
Anthony Ginting,1,"fahardhi, rian, tiktok",0.9272636230786642,0.9416126726378857,0.8467729843181112
Anthony Ginting,2,"gak, nadanya, ngejudge",0.0,0.0,0.0
Anthony Ginting,3,"tp201, vivobook, meluncur",0.0,0.0,0.0
Anthony Ginting,4,"bekti, indra, ssefmun",0.0,0.0,0.0
Anthony Ginting,5,"goooo, umurnya, bar",0.0,0.0,0.0
Anthony Ginting,6,"bernapas, dicari, dewa",0.0,0.0,0.0
Anthony Ginting,7,"sirah, live, menghadang",0.0,0.0,0.0
Anthony Ginting,8,"evercoss, asean, berbagi",0.0,0.0,0.0
Aprilia Manganang,0,"brand, indonesia, yg",0.8757382869720459,0.9719081982970238,0.9372406005859375
Aprilia Manganang,1,"fahardhi, rian, tiktok",0.0,0.0,0.0
Aprilia Manganang,2,"gak, nadanya, ngejudge",0.0,0.0,0.0
Aprilia Manganang,3,"tp201, vivobook, meluncur",0.0,0.0,0.0
Aprilia Manganang,4,"bekti, indra, ssefmun",0.0,0.0,0.0
Aprilia Manganang,5,"goooo, umurnya, bar",0.0,0.0,0.0
Aprilia Manganang,6,"bernapas, dicari, dewa",0.0,0.0,0.0
Aprilia Manganang,7,"sirah, live, menghadang",0.0,0.0,0.0
Aprilia Manganang,8,"evercoss, asean, berbagi",0.0,0.0,0.0
Apriyani Rahayu,0,"brand, indonesia, yg",0.9085806530934794,0.93709092474345,0.8911716872826219
Apriyani Rahayu,1,"fahardhi, rian, tiktok",0.0,0.0,0.0
Apriyani Rahayu,2,"gak, nadanya, ngejudge",0.0,0.0,0.0
Apriyani Rahayu,3,"tp201, vivobook, meluncur",0.0,0.0,0.0
Apriyani Rahayu,4,"bekti, indra, ssefmun",0.0,0.0,0.0
Apriyani Rahayu,5,"goooo, umurnya, bar",0.0,0.0,0.0
Apriyani Rahayu,6,"bernapas, dicari, dewa",0.0,0.0,0.0
Apriyani Rahayu,7,"sirah, live, menghadang",0.0,0.0,0.0
Apriyani Rahayu,8,"evercoss, asean, berbagi",0.0,0.0,0.0
Ariel Noah,0,"brand, indonesia, yg",0.0,0.0,0.0
Ariel Noah,1,"fahardhi, rian, tiktok",0.0,0.0,0.0
Ariel Noah,2,"gak, nadanya, ngejudge",0.0,0.0,0.0
Ariel Noah,3,"tp201, vivobook, meluncur",0.0,0.0,0.0
Ariel Noah,4,"bekti, indra, ssefmun",0.0,0.0,0.0
Ariel Noah,5,"goooo, umurnya, bar",0.0,0.0,0.0
Ariel Noah,6,"bernapas, dicari, dewa",0.0,0.0,0.0
Ariel Noah,7,"sirah, live, menghadang",0.0,0.0,0.0
Ariel Noah,8,"evercoss, asean, berbagi",0.0,0.0,0.0
Atta Halilintar,0,"brand, indonesia, yg",0.0,0.0,0.0
Atta Halilintar,1,"fahardhi, rian, tiktok",0.0,0.0,0.0
Atta Halilintar,2,"gak, nadanya, ngejudge",0.0,0.0,0.0
Atta Halilintar,3,"tp201, vivobook, meluncur",0.0,0.0,0.0
Atta Halilintar,4,"bekti, indra, ssefmun",0.0,0.0,0.0
Atta Halilintar,5,"goooo, umurnya, bar",0.0,0.0,0.0
Atta Halilintar,6,"bernapas, dicari, dewa",0.0,0.0,0.0
Atta Halilintar,7,"sirah, live, menghadang",0.0,0.0,0.0
Atta Halilintar,8,"evercoss, asean, berbagi",0.0,0.0,0.0
Ayla Dimitri,0,"brand, indonesia, yg",0.0,0.0,0.0
Ayla Dimitri,1,"fahardhi, rian, tiktok",0.0,0.0,0.0
Ayla Dimitri,2,"gak, nadanya, ngejudge",0.0,0.0,0.0
Ayla Dimitri,3,"tp201, vivobook, meluncur",0.0,0.0,0.0
Ayla Dimitri,4,"bekti, indra, ssefmun",0.0,0.0,0.0
Ayla Dimitri,5,"goooo, umurnya, bar",0.0,0.0,0.0
Ayla Dimitri,6,"bernapas, dicari, dewa",0.0,0.0,0.0
Ayla Dimitri,7,"sirah, live, menghadang",0.0,0.0,0.0
Ayla Dimitri,8,"evercoss, asean, berbagi",0.0,0.0,0.0
Ayoe Widya,0,"brand, indonesia, yg",0.9163363184779882,0.9661144191218961,0.8691050037741661
Ayoe Widya,1,"fahardhi, rian, tiktok",0.0,0.0,0.0
Ayoe Widya,2,"gak, nadanya, ngejudge",0.0,0.0,0.0
Ayoe Widya,3,"tp201, vivobook, meluncur",0.0,0.0,0.0
Ayoe Widya,4,"bekti, indra, ssefmun",0.0,0.0,0.0
Ayoe Widya,5,"goooo, umurnya, bar",0.9163363184779882,0.9661144191218961,0.8691050037741661
Ayoe Widya,6,"bernapas, dicari, dewa",0.0,0.0,0.0
Ayoe Widya,7,"sirah, live, menghadang",0.0,0.0,0.0
Ayoe Widya,8,"evercoss, asean, berbagi",0.0,0.0,0.0
Ayu Tingting,0,"brand, indonesia, yg",0.0,0.0,0.0
Ayu Tingting,1,"fahardhi, rian, tiktok",0.0,0.0,0.0
Ayu Tingting,2,"gak, nadanya, ngejudge",0.0,0.0,0.0
Ayu Tingting,3,"tp201, vivobook, meluncur",0.0,0.0,0.0
Ayu Tingting,4,"bekti, indra, ssefmun",0.0,0.0,0.0
Ayu Tingting,5,"goooo, umurnya, bar",0.0,0.0,0.0
Ayu Tingting,6,"bernapas, dicari, dewa",0.0,0.0,0.0
Ayu Tingting,7,"sirah, live, menghadang",0.0,0.0,0.0
Ayu Tingting,8,"evercoss, asean, berbagi",0.0,0.0,0.0
BTR Luxxy,0,"brand, indonesia, yg",0.9160755383116859,0.9202399257715647,0.9677351530717344
BTR Luxxy,1,"fahardhi, rian, tiktok",0.0,0.0,0.0
BTR Luxxy,2,"gak, nadanya, ngejudge",0.0,0.0,0.0
BTR Luxxy,3,"tp201, vivobook, meluncur",0.0,0.0,0.0
BTR Luxxy,4,"bekti, indra, ssefmun",0.0,0.0,0.0
BTR Luxxy,5,"goooo, umurnya, bar",0.0,0.0,0.0
BTR Luxxy,6,"bernapas, dicari, dewa",0.0,0.0,0.0
BTR Luxxy,7,"sirah, live, menghadang",0.0,0.0,0.0
BTR Luxxy,8,"evercoss, asean, berbagi",0.0,0.0,0.0
BTR Zuxxy,0,"brand, indonesia, yg",0.8611889356567014,0.9633160491579587,0.8107728852945215
BTR Zuxxy,1,"fahardhi, rian, tiktok",0.0,0.0,0.0
BTR Zuxxy,2,"gak, nadanya, ngejudge",0.8611889356567014,0.9633160491579587,0.8107728852945215
BTR Zuxxy,3,"tp201, vivobook, meluncur",0.0,0.0,0.0
BTR Zuxxy,4,"bekti, indra, ssefmun",0.0,0.0,0.0
BTR Zuxxy,5,"goooo, umurnya, bar",0.0,0.0,0.0
BTR Zuxxy,6,"bernapas, dicari, dewa",0.0,0.0,0.0
BTR Zuxxy,7,"sirah, live, menghadang",0.0,0.0,0.0
BTR Zuxxy,8,"evercoss, asean, berbagi",0.0,0.0,0.0
Backpacker Tampan,0,"brand, indonesia, yg",0.9016905511203019,0.9434572986581109,0.8998344020965772
Backpacker Tampan,1,"fahardhi, rian, tiktok",0.0,0.0,0.0
Backpacker Tampan,2,"gak, nadanya, ngejudge",0.0,0.0,0.0
Backpacker Tampan,3,"tp201, vivobook, meluncur",0.0,0.0,0.0
Backpacker Tampan,4,"bekti, indra, ssefmun",0.0,0.0,0.0
Backpacker Tampan,5,"goooo, umurnya, bar",0.0,0.0,0.0
Backpacker Tampan,6,"bernapas, dicari, dewa",0.0,0.0,0.0
Backpacker Tampan,7,"sirah, live, menghadang",0.0,0.0,0.0
Backpacker Tampan,8,"evercoss, asean, berbagi",0.0,0.0,0.0
Bara Pattiradjawane,0,"brand, indonesia, yg",0.906094516068697,0.9386208890432335,0.8961531432235942
Bara Pattiradjawane,1,"fahardhi, rian, tiktok",0.0,0.0,0.0
Bara Pattiradjawane,2,"gak, nadanya, ngejudge",0.0,0.0,0.0
Bara Pattiradjawane,3,"tp201, vivobook, meluncur",0.0,0.0,0.0
Bara Pattiradjawane,4,"bekti, indra, ssefmun",0.0,0.0,0.0
Bara Pattiradjawane,5,"goooo, umurnya, bar",0.0,0.0,0.0
Bara Pattiradjawane,6,"bernapas, dicari, dewa",0.0,0.0,0.0
Bara Pattiradjawane,7,"sirah, live, menghadang",0.0,0.0,0.0
Bara Pattiradjawane,8,"evercoss, asean, berbagi",0.0,0.0,0.0
Brian Febrian,0,"brand, indonesia, yg",0.9105163163998548,0.9410857861502129,0.9129629838466644
Brian Febrian,1,"fahardhi, rian, tiktok",0.0,0.0,0.0
Brian Febrian,2,"gak, nadanya, ngejudge",0.0,0.0,0.0
Brian Febrian,3,"tp201, vivobook, meluncur",0.0,0.0,0.0
Brian Febrian,4,"bekti, indra, ssefmun",0.0,0.0,0.0
Brian Febrian,5,"goooo, umurnya, bar",0.9105163163998548,0.9410857861502129,0.9129629838466644
Brian Febrian,6,"bernapas, dicari, dewa",0.0,0.0,0.0
Brian Febrian,7,"sirah, live, menghadang",0.0,0.0,0.0
Brian Febrian,8,"evercoss, asean, berbagi",0.0,0.0,0.0
Bryan Domani,0,"brand, indonesia, yg",0.9108672875624436,0.9689170525459472,0.9919286767641703
Bryan Domani,1,"fahardhi, rian, tiktok",0.0,0.0,0.0
Bryan Domani,2,"gak, nadanya, ngejudge",0.0,0.0,0.0
Bryan Domani,3,"tp201, vivobook, meluncur",0.0,0.0,0.0
Bryan Domani,4,"bekti, indra, ssefmun",0.0,0.0,0.0
Bryan Domani,5,"goooo, umurnya, bar",0.0,0.0,0.0
Bryan Domani,6,"bernapas, dicari, dewa",0.0,0.0,0.0
Bryan Domani,7,"sirah, live, menghadang",0.0,0.0,0.0
Bryan Domani,8,"evercoss, asean, berbagi",0.0,0.0,0.0
Buya Yahya,0,"brand, indonesia, yg",0.9352359351564626,0.9594843852810744,0.9015483487220037
Buya Yahya,1,"fahardhi, rian, tiktok",0.0,0.0,0.0
Buya Yahya,2,"gak, nadanya, ngejudge",0.0,0.0,0.0
Buya Yahya,3,"tp201, vivobook, meluncur",0.0,0.0,0.0
Buya Yahya,4,"bekti, indra, ssefmun",0.0,0.0,0.0
Buya Yahya,5,"goooo, umurnya, bar",0.0,0.0,0.0
Buya Yahya,6,"bernapas, dicari, dewa",0.0,0.0,0.0
Buya Yahya,7,"sirah, live, menghadang",0.0,0.0,0.0
Buya Yahya,8,"evercoss, asean, berbagi",0.0,0.0,0.0
Chandra Yudasswara,0,"brand, indonesia, yg",0.9373279958963394,0.9357499796517041,0.8735087960958481
Chandra Yudasswara,1,"fahardhi, rian, tiktok",0.0,0.0,0.0
Chandra Yudasswara,2,"gak, nadanya, ngejudge",0.0,0.0,0.0
Chandra Yudasswara,3,"tp201, vivobook, meluncur",0.0,0.0,0.0
Chandra Yudasswara,4,"bekti, indra, ssefmun",0.0,0.0,0.0
Chandra Yudasswara,5,"goooo, umurnya, bar",0.0,0.0,0.0
Chandra Yudasswara,6,"bernapas, dicari, dewa",0.0,0.0,0.0
Chandra Yudasswara,7,"sirah, live, menghadang",0.0,0.0,0.0
Chandra Yudasswara,8,"evercoss, asean, berbagi",0.0,0.0,0.0
Chef Arnold,0,"brand, indonesia, yg",0.9498749690897325,0.8103560617991856,0.9040039788399424
Chef Arnold,1,"fahardhi, rian, tiktok",0.0,0.0,0.0
Chef Arnold,2,"gak, nadanya, ngejudge",0.0,0.0,0.0
Chef Arnold,3,"tp201, vivobook, meluncur",0.0,0.0,0.0
Chef Arnold,4,"bekti, indra, ssefmun",0.0,0.0,0.0
Chef Arnold,5,"goooo, umurnya, bar",0.0,0.0,0.0
Chef Arnold,6,"bernapas, dicari, dewa",0.0,0.0,0.0
Chef Arnold,7,"sirah, live, menghadang",0.0,0.0,0.0
Chef Arnold,8,"evercoss, asean, berbagi",0.0,0.0,0.0
Chelsea Olivia,0,"brand, indonesia, yg",0.0,0.0,0.0
Chelsea Olivia,1,"fahardhi, rian, tiktok",0.0,0.0,0.0
Chelsea Olivia,2,"gak, nadanya, ngejudge",0.0,0.0,0.0
Chelsea Olivia,3,"tp201, vivobook, meluncur",0.0,0.0,0.0
Chelsea Olivia,4,"bekti, indra, ssefmun",0.0,0.0,0.0
Chelsea Olivia,5,"goooo, umurnya, bar",0.0,0.0,0.0
Chelsea Olivia,6,"bernapas, dicari, dewa",0.0,0.0,0.0
Chelsea Olivia,7,"sirah, live, menghadang",0.0,0.0,0.0
Chelsea Olivia,8,"evercoss, asean, berbagi",0.0,0.0,0.0
Christian Sugiono,0,"brand, indonesia, yg",0.9052520517895861,0.9085491129825282,0.9514001597437942
Christian Sugiono,1,"fahardhi, rian, tiktok",0.0,0.0,0.0
Christian Sugiono,2,"gak, nadanya, ngejudge",0.0,0.0,0.0
Christian Sugiono,3,"tp201, vivobook, meluncur",0.0,0.0,0.0
Christian Sugiono,4,"bekti, indra, ssefmun",0.0,0.0,0.0
Christian Sugiono,5,"goooo, umurnya, bar",0.0,0.0,0.0
Christian Sugiono,6,"bernapas, dicari, dewa",0.0,0.0,0.0
Christian Sugiono,7,"sirah, live, menghadang",0.0,0.0,0.0
Christian Sugiono,8,"evercoss, asean, berbagi",0.0,0.0,0.0
Cinta Laura,0,"brand, indonesia, yg",0.0,0.0,0.0
Cinta Laura,1,"fahardhi, rian, tiktok",0.0,0.0,0.0
Cinta Laura,2,"gak, nadanya, ngejudge",0.0,0.0,0.0
Cinta Laura,3,"tp201, vivobook, meluncur",0.0,0.0,0.0
Cinta Laura,4,"bekti, indra, ssefmun",0.0,0.0,0.0
Cinta Laura,5,"goooo, umurnya, bar",0.0,0.0,0.0
Cinta Laura,6,"bernapas, dicari, dewa",0.0,0.0,0.0
Cinta Laura,7,"sirah, live, menghadang",0.0,0.0,0.0
Cinta Laura,8,"evercoss, asean, berbagi",0.0,0.0,0.0
Claradevi,0,"brand, indonesia, yg",0.0,0.0,0.0
Claradevi,1,"fahardhi, rian, tiktok",0.0,0.0,0.0
Claradevi,2,"gak, nadanya, ngejudge",0.0,0.0,0.0
Claradevi,3,"tp201, vivobook, meluncur",0.0,0.0,0.0
Claradevi,4,"bekti, indra, ssefmun",0.0,0.0,0.0
Claradevi,5,"goooo, umurnya, bar",0.0,0.0,0.0
Claradevi,6,"bernapas, dicari, dewa",0.0,0.0,0.0
Claradevi,7,"sirah, live, menghadang",0.0,0.0,0.0
Claradevi,8,"evercoss, asean, berbagi",0.0,0.0,0.0
Cut Meyriska,0,"brand, indonesia, yg",0.8780297543575515,0.9436680650518786,0.8837338010470073
Cut Meyriska,1,"fahardhi, rian, tiktok",0.0,0.0,0.0
Cut Meyriska,2,"gak, nadanya, ngejudge",0.0,0.0,0.0
Cut Meyriska,3,"tp201, vivobook, meluncur",0.0,0.0,0.0
Cut Meyriska,4,"bekti, indra, ssefmun",0.0,0.0,0.0
Cut Meyriska,5,"goooo, umurnya, bar",0.0,0.0,0.0
Cut Meyriska,6,"bernapas, dicari, dewa",0.0,0.0,0.0
Cut Meyriska,7,"sirah, live, menghadang",0.0,0.0,0.0
Cut Meyriska,8,"evercoss, asean, berbagi",0.0,0.0,0.0
Dandhy Laksono,0,"brand, indonesia, yg",0.0,0.0,0.0
Dandhy Laksono,1,"fahardhi, rian, tiktok",0.0,0.0,0.0
Dandhy Laksono,2,"gak, nadanya, ngejudge",0.0,0.0,0.0
Dandhy Laksono,3,"tp201, vivobook, meluncur",0.0,0.0,0.0
Dandhy Laksono,4,"bekti, indra, ssefmun",0.0,0.0,0.0
Dandhy Laksono,5,"goooo, umurnya, bar",0.0,0.0,0.0
Dandhy Laksono,6,"bernapas, dicari, dewa",0.0,0.0,0.0
Dandhy Laksono,7,"sirah, live, menghadang",0.0,0.0,0.0
Dandhy Laksono,8,"evercoss, asean, berbagi",0.0,0.0,0.0
Danu Alqamara,0,"brand, indonesia, yg",0.0,0.0,0.0
Danu Alqamara,1,"fahardhi, rian, tiktok",0.0,0.0,0.0
Danu Alqamara,2,"gak, nadanya, ngejudge",0.0,0.0,0.0
Danu Alqamara,3,"tp201, vivobook, meluncur",0.0,0.0,0.0
Danu Alqamara,4,"bekti, indra, ssefmun",0.0,0.0,0.0
Danu Alqamara,5,"goooo, umurnya, bar",0.0,0.0,0.0
Danu Alqamara,6,"bernapas, dicari, dewa",0.0,0.0,0.0
Danu Alqamara,7,"sirah, live, menghadang",0.0,0.0,0.0
Danu Alqamara,8,"evercoss, asean, berbagi",0.0,0.0,0.0
Denny Santoso,0,"brand, indonesia, yg",0.918902881634541,0.9411588774787055,0.886955451965332
Denny Santoso,1,"fahardhi, rian, tiktok",0.0,0.0,0.0
Denny Santoso,2,"gak, nadanya, ngejudge",0.0,0.0,0.0
Denny Santoso,3,"tp201, vivobook, meluncur",0.0,0.0,0.0
Denny Santoso,4,"bekti, indra, ssefmun",0.0,0.0,0.0
Denny Santoso,5,"goooo, umurnya, bar",0.0,0.0,0.0
Denny Santoso,6,"bernapas, dicari, dewa",0.0,0.0,0.0
Denny Santoso,7,"sirah, live, menghadang",0.0,0.0,0.0
Denny Santoso,8,"evercoss, asean, berbagi",0.0,0.0,0.0
Devina Hermawan,0,"brand, indonesia, yg",0.9194981710212987,0.9199984580278396,0.9403248131275177
Devina Hermawan,1,"fahardhi, rian, tiktok",0.0,0.0,0.0
Devina Hermawan,2,"gak, nadanya, ngejudge",0.0,0.0,0.0
Devina Hermawan,3,"tp201, vivobook, meluncur",0.0,0.0,0.0
Devina Hermawan,4,"bekti, indra, ssefmun",0.0,0.0,0.0
Devina Hermawan,5,"goooo, umurnya, bar",0.0,0.0,0.0
Devina Hermawan,6,"bernapas, dicari, dewa",0.0,0.0,0.0
Devina Hermawan,7,"sirah, live, menghadang",0.0,0.0,0.0
Devina Hermawan,8,"evercoss, asean, berbagi",0.0,0.0,0.0
Dewi Lestari,0,"brand, indonesia, yg",0.9032176584005356,0.9574957638978958,0.8807843923568726
Dewi Lestari,1,"fahardhi, rian, tiktok",0.0,0.0,0.0
Dewi Lestari,2,"gak, nadanya, ngejudge",0.0,0.0,0.0
Dewi Lestari,3,"tp201, vivobook, meluncur",0.0,0.0,0.0
Dewi Lestari,4,"bekti, indra, ssefmun",0.0,0.0,0.0
Dewi Lestari,5,"goooo, umurnya, bar",0.0,0.0,0.0
Dewi Lestari,6,"bernapas, dicari, dewa",0.0,0.0,0.0
Dewi Lestari,7,"sirah, live, menghadang",0.0,0.0,0.0
Dewi Lestari,8,"evercoss, asean, berbagi",0.0,0.0,0.0
Diananda Choirunisa,0,"brand, indonesia, yg",0.8666289627552033,0.9858987383047739,0.934239673614502
Diananda Choirunisa,1,"fahardhi, rian, tiktok",0.0,0.0,0.0
Diananda Choirunisa,2,"gak, nadanya, ngejudge",0.0,0.0,0.0
Diananda Choirunisa,3,"tp201, vivobook, meluncur",0.0,0.0,0.0
Diananda Choirunisa,4,"bekti, indra, ssefmun",0.0,0.0,0.0
Diananda Choirunisa,5,"goooo, umurnya, bar",0.0,0.0,0.0
Diananda Choirunisa,6,"bernapas, dicari, dewa",0.0,0.0,0.0
Diananda Choirunisa,7,"sirah, live, menghadang",0.0,0.0,0.0
Diananda Choirunisa,8,"evercoss, asean, berbagi",0.0,0.0,0.0
Dinda Hauw,0,"brand, indonesia, yg",0.0,0.0,0.0
Dinda Hauw,1,"fahardhi, rian, tiktok",0.0,0.0,0.0
Dinda Hauw,2,"gak, nadanya, ngejudge",0.0,0.0,0.0
Dinda Hauw,3,"tp201, vivobook, meluncur",0.0,0.0,0.0
Dinda Hauw,4,"bekti, indra, ssefmun",0.0,0.0,0.0
Dinda Hauw,5,"goooo, umurnya, bar",0.0,0.0,0.0
Dinda Hauw,6,"bernapas, dicari, dewa",0.0,0.0,0.0
Dinda Hauw,7,"sirah, live, menghadang",0.0,0.0,0.0
Dinda Hauw,8,"evercoss, asean, berbagi",0.0,0.0,0.0
Donkey,0,"brand, indonesia, yg",0.0,0.8679670318961143,0.9991744160652161
Donkey,1,"fahardhi, rian, tiktok",0.0,0.0,0.0
Donkey,2,"gak, nadanya, ngejudge",0.0,0.0,0.0
Donkey,3,"tp201, vivobook, meluncur",0.0,0.0,0.0
Donkey,4,"bekti, indra, ssefmun",0.0,0.0,0.0
Donkey,5,"goooo, umurnya, bar",0.0,0.0,0.0
Donkey,6,"bernapas, dicari, dewa",0.0,0.0,0.0
Donkey,7,"sirah, live, menghadang",0.0,0.0,0.0
Donkey,8,"evercoss, asean, berbagi",0.0,0.0,0.0
Donna Harun,0,"brand, indonesia, yg",0.9067467898130417,0.8777181451417961,0.9428637342793601
Donna Harun,1,"fahardhi, rian, tiktok",0.0,0.0,0.0
Donna Harun,2,"gak, nadanya, ngejudge",0.0,0.0,0.0
Donna Harun,3,"tp201, vivobook, meluncur",0.0,0.0,0.0
Donna Harun,4,"bekti, indra, ssefmun",0.0,0.0,0.0
Donna Harun,5,"goooo, umurnya, bar",0.0,0.0,0.0
Donna Harun,6,"bernapas, dicari, dewa",0.0,0.0,0.0
Donna Harun,7,"sirah, live, menghadang",0.0,0.0,0.0
Donna Harun,8,"evercoss, asean, berbagi",0.0,0.0,0.0
EVOS Reza,0,"brand, indonesia, yg",0.885273117158148,0.9707313096800516,0.9233570972154307
EVOS Reza,1,"fahardhi, rian, tiktok",0.0,0.0,0.0
EVOS Reza,2,"gak, nadanya, ngejudge",0.885273117158148,0.9707313096800516,0.9233570972154307
EVOS Reza,3,"tp201, vivobook, meluncur",0.0,0.0,0.0
EVOS Reza,4,"bekti, indra, ssefmun",0.0,0.0,0.0
EVOS Reza,5,"goooo, umurnya, bar",0.0,0.0,0.0
EVOS Reza,6,"bernapas, dicari, dewa",0.0,0.0,0.0
EVOS Reza,7,"sirah, live, menghadang",0.0,0.0,0.0
EVOS Reza,8,"evercoss, asean, berbagi",0.0,0.0,0.0
Eko Yuli Irawan,0,"brand, indonesia, yg",0.9244378750974481,0.9783710265646175,0.887977522611618
Eko Yuli Irawan,1,"fahardhi, rian, tiktok",0.0,0.0,0.0
Eko Yuli Irawan,2,"gak, nadanya, ngejudge",0.0,0.0,0.0
Eko Yuli Irawan,3,"tp201, vivobook, meluncur",0.0,0.0,0.0
Eko Yuli Irawan,4,"bekti, indra, ssefmun",0.0,0.0,0.0
Eko Yuli Irawan,5,"goooo, umurnya, bar",0.0,0.0,0.0
Eko Yuli Irawan,6,"bernapas, dicari, dewa",0.0,0.0,0.0
Eko Yuli Irawan,7,"sirah, live, menghadang",0.0,0.0,0.0
Eko Yuli Irawan,8,"evercoss, asean, berbagi",0.0,0.0,0.0
Ernest Prakasa,0,"brand, indonesia, yg",0.9330022397429444,0.9570464246413287,0.9196550975675168
Ernest Prakasa,1,"fahardhi, rian, tiktok",0.0,0.0,0.0
Ernest Prakasa,2,"gak, nadanya, ngejudge",0.0,0.0,0.0
Ernest Prakasa,3,"tp201, vivobook, meluncur",0.0,0.0,0.0
Ernest Prakasa,4,"bekti, indra, ssefmun",0.0,0.0,0.0
Ernest Prakasa,5,"goooo, umurnya, bar",0.0,0.0,0.0
Ernest Prakasa,6,"bernapas, dicari, dewa",0.0,0.0,0.0
Ernest Prakasa,7,"sirah, live, menghadang",0.0,0.0,0.0
Ernest Prakasa,8,"evercoss, asean, berbagi",0.0,0.0,0.0
Fadhilah Razak,0,"brand, indonesia, yg",0.0,0.0,0.0
Fadhilah Razak,1,"fahardhi, rian, tiktok",0.0,0.0,0.0
Fadhilah Razak,2,"gak, nadanya, ngejudge",0.0,0.0,0.0
Fadhilah Razak,3,"tp201, vivobook, meluncur",0.0,0.0,0.0
Fadhilah Razak,4,"bekti, indra, ssefmun",0.0,0.0,0.0
Fadhilah Razak,5,"goooo, umurnya, bar",0.0,0.0,0.0
Fadhilah Razak,6,"bernapas, dicari, dewa",0.0,0.0,0.0
Fadhilah Razak,7,"sirah, live, menghadang",0.0,0.0,0.0
Fadhilah Razak,8,"evercoss, asean, berbagi",0.0,0.0,0.0
Farah Quinn,0,"brand, indonesia, yg",0.8898053566614786,0.9760338664054871,0.0
Farah Quinn,1,"fahardhi, rian, tiktok",0.0,0.0,0.0
Farah Quinn,2,"gak, nadanya, ngejudge",0.0,0.0,0.0
Farah Quinn,3,"tp201, vivobook, meluncur",0.0,0.0,0.0
Farah Quinn,4,"bekti, indra, ssefmun",0.0,0.0,0.0
Farah Quinn,5,"goooo, umurnya, bar",0.0,0.0,0.0
Farah Quinn,6,"bernapas, dicari, dewa",0.0,0.0,0.0
Farah Quinn,7,"sirah, live, menghadang",0.0,0.0,0.0
Farah Quinn,8,"evercoss, asean, berbagi",0.0,0.0,0.0
Felicya Angelista,0,"brand, indonesia, yg",0.0,0.0,0.0
Felicya Angelista,1,"fahardhi, rian, tiktok",0.0,0.0,0.0
Felicya Angelista,2,"gak, nadanya, ngejudge",0.0,0.0,0.0
Felicya Angelista,3,"tp201, vivobook, meluncur",0.0,0.0,0.0
Felicya Angelista,4,"bekti, indra, ssefmun",0.0,0.0,0.0
Felicya Angelista,5,"goooo, umurnya, bar",0.0,0.0,0.0
Felicya Angelista,6,"bernapas, dicari, dewa",0.0,0.0,0.0
Felicya Angelista,7,"sirah, live, menghadang",0.0,0.0,0.0
Felicya Angelista,8,"evercoss, asean, berbagi",0.0,0.0,0.0
Felix Siauw,0,"brand, indonesia, yg",0.8915798200501336,0.9338685087182305,0.9279479471119967
Felix Siauw,1,"fahardhi, rian, tiktok",0.0,0.0,0.0
Felix Siauw,2,"gak, nadanya, ngejudge",0.0,0.0,0.0
Felix Siauw,3,"tp201, vivobook, meluncur",0.0,0.0,0.0
Felix Siauw,4,"bekti, indra, ssefmun",0.0,0.0,0.0
Felix Siauw,5,"goooo, umurnya, bar",0.8915798200501336,0.9338685087182305,0.9279479471119967
Felix Siauw,6,"bernapas, dicari, dewa",0.8915798200501336,0.9338685087182305,0.9279479471119967
Felix Siauw,7,"sirah, live, menghadang",0.0,0.0,0.0
Felix Siauw,8,"evercoss, asean, berbagi",0.0,0.0,0.0
Fellexandro Ruby,0,"brand, indonesia, yg",0.9357831256730216,0.9370534807443619,0.8891560408998939
Fellexandro Ruby,1,"fahardhi, rian, tiktok",0.0,0.0,0.0
Fellexandro Ruby,2,"gak, nadanya, ngejudge",0.0,0.0,0.0
Fellexandro Ruby,3,"tp201, vivobook, meluncur",0.0,0.0,0.0
Fellexandro Ruby,4,"bekti, indra, ssefmun",0.0,0.0,0.0
Fellexandro Ruby,5,"goooo, umurnya, bar",0.0,0.0,0.0
Fellexandro Ruby,6,"bernapas, dicari, dewa",0.0,0.0,0.0
Fellexandro Ruby,7,"sirah, live, menghadang",0.0,0.0,0.0
Fellexandro Ruby,8,"evercoss, asean, berbagi",0.0,0.0,0.0
Gede Prama,0,"brand, indonesia, yg",0.0,0.0,0.0
Gede Prama,1,"fahardhi, rian, tiktok",0.0,0.0,0.0
Gede Prama,2,"gak, nadanya, ngejudge",0.0,0.0,0.0
Gede Prama,3,"tp201, vivobook, meluncur",0.0,0.0,0.0
Gede Prama,4,"bekti, indra, ssefmun",0.0,0.0,0.0
Gede Prama,5,"goooo, umurnya, bar",0.0,0.0,0.0
Gede Prama,6,"bernapas, dicari, dewa",0.0,0.0,0.0
Gede Prama,7,"sirah, live, menghadang",0.0,0.0,0.0
Gede Prama,8,"evercoss, asean, berbagi",0.0,0.0,0.0
Gina S. Noer,0,"brand, indonesia, yg",0.0,0.0,0.0
Gina S. Noer,1,"fahardhi, rian, tiktok",0.0,0.0,0.0
Gina S. Noer,2,"gak, nadanya, ngejudge",0.0,0.0,0.0
Gina S. Noer,3,"tp201, vivobook, meluncur",0.0,0.0,0.0
Gina S. Noer,4,"bekti, indra, ssefmun",0.0,0.0,0.0
Gina S. Noer,5,"goooo, umurnya, bar",0.0,0.0,0.0
Gina S. Noer,6,"bernapas, dicari, dewa",0.0,0.0,0.0
Gina S. Noer,7,"sirah, live, menghadang",0.0,0.0,0.0
Gina S. Noer,8,"evercoss, asean, berbagi",0.0,0.0,0.0
Gisella Anastasia,0,"brand, indonesia, yg",0.0,0.0,0.0
Gisella Anastasia,1,"fahardhi, rian, tiktok",0.0,0.0,0.0
Gisella Anastasia,2,"gak, nadanya, ngejudge",0.0,0.0,0.0
Gisella Anastasia,3,"tp201, vivobook, meluncur",0.0,0.0,0.0
Gisella Anastasia,4,"bekti, indra, ssefmun",0.0,0.0,0.0
Gisella Anastasia,5,"goooo, umurnya, bar",0.0,0.0,0.0
Gisella Anastasia,6,"bernapas, dicari, dewa",0.0,0.0,0.0
Gisella Anastasia,7,"sirah, live, menghadang",0.0,0.0,0.0
Gisella Anastasia,8,"evercoss, asean, berbagi",0.0,0.0,0.0
Gitasav,0,"brand, indonesia, yg",0.9101127156844506,0.9191053377977316,0.9141045488693096
Gitasav,1,"fahardhi, rian, tiktok",0.0,0.0,0.0
Gitasav,2,"gak, nadanya, ngejudge",0.0,0.0,0.0
Gitasav,3,"tp201, vivobook, meluncur",0.0,0.0,0.0
Gitasav,4,"bekti, indra, ssefmun",0.0,0.0,0.0
Gitasav,5,"goooo, umurnya, bar",0.0,0.0,0.0
Gitasav,6,"bernapas, dicari, dewa",0.0,0.0,0.0
Gitasav,7,"sirah, live, menghadang",0.0,0.0,0.0
Gitasav,8,"evercoss, asean, berbagi",0.0,0.0,0.0
Greysia Polii,0,"brand, indonesia, yg",0.9109026530514592,0.9523899188104844,0.8951842647332412
Greysia Polii,1,"fahardhi, rian, tiktok",0.0,0.0,0.0
Greysia Polii,2,"gak, nadanya, ngejudge",0.0,0.0,0.0
Greysia Polii,3,"tp201, vivobook, meluncur",0.0,0.0,0.0
Greysia Polii,4,"bekti, indra, ssefmun",0.0,0.0,0.0
Greysia Polii,5,"goooo, umurnya, bar",0.0,0.0,0.0
Greysia Polii,6,"bernapas, dicari, dewa",0.0,0.0,0.0
Greysia Polii,7,"sirah, live, menghadang",0.0,0.0,0.0
Greysia Polii,8,"evercoss, asean, berbagi",0.0,0.0,0.0
Gus Baha,0,"brand, indonesia, yg",0.8820102803590821,0.928860929608345,0.9700967340633787
Gus Baha,1,"fahardhi, rian, tiktok",0.0,0.0,0.0
Gus Baha,2,"gak, nadanya, ngejudge",0.0,0.0,0.0
Gus Baha,3,"tp201, vivobook, meluncur",0.0,0.0,0.0
Gus Baha,4,"bekti, indra, ssefmun",0.0,0.0,0.0
Gus Baha,5,"goooo, umurnya, bar",0.0,0.0,0.0
Gus Baha,6,"bernapas, dicari, dewa",0.0,0.0,0.0
Gus Baha,7,"sirah, live, menghadang",0.0,0.0,0.0
Gus Baha,8,"evercoss, asean, berbagi",0.0,0.0,0.0
Habib Jindan,0,"brand, indonesia, yg",0.9043885884252755,0.9441944840408507,0.8833447584084102
Habib Jindan,1,"fahardhi, rian, tiktok",0.0,0.0,0.0
Habib Jindan,2,"gak, nadanya, ngejudge",0.0,0.0,0.0
Habib Jindan,3,"tp201, vivobook, meluncur",0.0,0.0,0.0
Habib Jindan,4,"bekti, indra, ssefmun",0.0,0.0,0.0
Habib Jindan,5,"goooo, umurnya, bar",0.0,0.0,0.0
Habib Jindan,6,"bernapas, dicari, dewa",0.9043885884252755,0.9441944840408507,0.8833447584084102
Habib Jindan,7,"sirah, live, menghadang",0.0,0.0,0.0
Habib Jindan,8,"evercoss, asean, berbagi",0.0,0.0,0.0
Habib Novel Alaydrus,0,"brand, indonesia, yg",0.9480330632693732,0.9479683488607407,0.9130008013352103
Habib Novel Alaydrus,1,"fahardhi, rian, tiktok",0.0,0.0,0.0
Habib Novel Alaydrus,2,"gak, nadanya, ngejudge",0.0,0.0,0.0
Habib Novel Alaydrus,3,"tp201, vivobook, meluncur",0.0,0.0,0.0
Habib Novel Alaydrus,4,"bekti, indra, ssefmun",0.0,0.0,0.0
Habib Novel Alaydrus,5,"goooo, umurnya, bar",0.0,0.0,0.0
Habib Novel Alaydrus,6,"bernapas, dicari, dewa",0.0,0.0,0.0
Habib Novel Alaydrus,7,"sirah, live, menghadang",0.0,0.0,0.0
Habib Novel Alaydrus,8,"evercoss, asean, berbagi",0.0,0.0,0.0
Habib Rizieq,0,"brand, indonesia, yg",0.9129833119814513,0.9471111672440755,0.9358524918556214
Habib Rizieq,1,"fahardhi, rian, tiktok",0.0,0.0,0.0
Habib Rizieq,2,"gak, nadanya, ngejudge",0.0,0.0,0.0
Habib Rizieq,3,"tp201, vivobook, meluncur",0.0,0.0,0.0
Habib Rizieq,4,"bekti, indra, ssefmun",0.9129833119814513,0.9471111672440755,0.9358524918556214
Habib Rizieq,5,"goooo, umurnya, bar",0.0,0.0,0.0
Habib Rizieq,6,"bernapas, dicari, dewa",0.0,0.0,0.0
Habib Rizieq,7,"sirah, live, menghadang",0.0,0.0,0.0
Habib Rizieq,8,"evercoss, asean, berbagi",0.0,0.0,0.0
Hanan Attaki,0,"brand, indonesia, yg",0.8620770690233811,0.9500382183453976,0.906921656926473
Hanan Attaki,1,"fahardhi, rian, tiktok",0.0,0.0,0.0
Hanan Attaki,2,"gak, nadanya, ngejudge",0.0,0.0,0.0
Hanan Attaki,3,"tp201, vivobook, meluncur",0.0,0.0,0.0
Hanan Attaki,4,"bekti, indra, ssefmun",0.0,0.0,0.0
Hanan Attaki,5,"goooo, umurnya, bar",0.0,0.0,0.0
Hanan Attaki,6,"bernapas, dicari, dewa",0.0,0.0,0.0
Hanan Attaki,7,"sirah, live, menghadang",0.0,0.0,0.0
Hanan Attaki,8,"evercoss, asean, berbagi",0.0,0.0,0.0
Hanifa Ambadar,0,"brand, indonesia, yg",0.8316796620686849,0.779658579826355,0.9495507354537646
Hanifa Ambadar,1,"fahardhi, rian, tiktok",0.0,0.0,0.0
Hanifa Ambadar,2,"gak, nadanya, ngejudge",0.0,0.0,0.0
Hanifa Ambadar,3,"tp201, vivobook, meluncur",0.0,0.0,0.0
Hanifa Ambadar,4,"bekti, indra, ssefmun",0.0,0.0,0.0
Hanifa Ambadar,5,"goooo, umurnya, bar",0.0,0.0,0.0
Hanifa Ambadar,6,"bernapas, dicari, dewa",0.0,0.0,0.0
Hanifa Ambadar,7,"sirah, live, menghadang",0.0,0.0,0.0
Hanifa Ambadar,8,"evercoss, asean, berbagi",0.0,0.0,0.0
Helga Angelina,0,"brand, indonesia, yg",0.7607811689376831,0.9417566657066345,0.8657243847846985
Helga Angelina,1,"fahardhi, rian, tiktok",0.0,0.0,0.0
Helga Angelina,2,"gak, nadanya, ngejudge",0.0,0.0,0.0
Helga Angelina,3,"tp201, vivobook, meluncur",0.0,0.0,0.0
Helga Angelina,4,"bekti, indra, ssefmun",0.0,0.0,0.0
Helga Angelina,5,"goooo, umurnya, bar",0.0,0.0,0.0
Helga Angelina,6,"bernapas, dicari, dewa",0.0,0.0,0.0
Helga Angelina,7,"sirah, live, menghadang",0.0,0.0,0.0
Helga Angelina,8,"evercoss, asean, berbagi",0.0,0.0,0.0
Henjiwong,0,"brand, indonesia, yg",0.7869394211208119,0.9254255120484334,0.9195677083592082
Henjiwong,1,"fahardhi, rian, tiktok",0.0,0.0,0.0
Henjiwong,2,"gak, nadanya, ngejudge",0.0,0.0,0.0
Henjiwong,3,"tp201, vivobook, meluncur",0.0,0.0,0.0
Henjiwong,4,"bekti, indra, ssefmun",0.0,0.0,0.0
Henjiwong,5,"goooo, umurnya, bar",0.0,0.0,0.0
Henjiwong,6,"bernapas, dicari, dewa",0.0,0.0,0.0
Henjiwong,7,"sirah, live, menghadang",0.0,0.0,0.0
Henjiwong,8,"evercoss, asean, berbagi",0.0,0.0,0.0
Hilman Fauzi,0,"brand, indonesia, yg",0.8891740313598088,0.9131453931331635,0.929259535766417
Hilman Fauzi,1,"fahardhi, rian, tiktok",0.0,0.0,0.0
Hilman Fauzi,2,"gak, nadanya, ngejudge",0.0,0.0,0.0
Hilman Fauzi,3,"tp201, vivobook, meluncur",0.0,0.0,0.0
Hilman Fauzi,4,"bekti, indra, ssefmun",0.0,0.0,0.0
Hilman Fauzi,5,"goooo, umurnya, bar",0.0,0.0,0.0
Hilman Fauzi,6,"bernapas, dicari, dewa",0.8891740313598088,0.9131453931331635,0.929259535766417
Hilman Fauzi,7,"sirah, live, menghadang",0.0,0.0,0.0
Hilman Fauzi,8,"evercoss, asean, berbagi",0.0,0.0,0.0
Indra Bekti,0,"brand, indonesia, yg",0.0,0.0,0.0
Indra Bekti,1,"fahardhi, rian, tiktok",0.0,0.0,0.0
Indra Bekti,2,"gak, nadanya, ngejudge",0.0,0.0,0.0
Indra Bekti,3,"tp201, vivobook, meluncur",0.0,0.0,0.0
Indra Bekti,4,"bekti, indra, ssefmun",0.0,0.0,0.0
Indra Bekti,5,"goooo, umurnya, bar",0.0,0.0,0.0
Indra Bekti,6,"bernapas, dicari, dewa",0.0,0.0,0.0
Indra Bekti,7,"sirah, live, menghadang",0.0,0.0,0.0
Indra Bekti,8,"evercoss, asean, berbagi",0.0,0.0,0.0
Indra Sjafri,0,"brand, indonesia, yg",0.875846246878306,0.9868213534355164,0.8655926734209061
Indra Sjafri,1,"fahardhi, rian, tiktok",0.0,0.0,0.0
Indra Sjafri,2,"gak, nadanya, ngejudge",0.0,0.0,0.0
Indra Sjafri,3,"tp201, vivobook, meluncur",0.0,0.0,0.0
Indra Sjafri,4,"bekti, indra, ssefmun",0.0,0.0,0.0
Indra Sjafri,5,"goooo, umurnya, bar",0.0,0.0,0.0
Indra Sjafri,6,"bernapas, dicari, dewa",0.0,0.0,0.0
Indra Sjafri,7,"sirah, live, menghadang",0.0,0.0,0.0
Indra Sjafri,8,"evercoss, asean, berbagi",0.0,0.0,0.0
Intan Paramaditha,0,"brand, indonesia, yg",0.0,0.0,0.0
Intan Paramaditha,1,"fahardhi, rian, tiktok",0.0,0.0,0.0
Intan Paramaditha,2,"gak, nadanya, ngejudge",0.0,0.0,0.0
Intan Paramaditha,3,"tp201, vivobook, meluncur",0.0,0.0,0.0
Intan Paramaditha,4,"bekti, indra, ssefmun",0.0,0.0,0.0
Intan Paramaditha,5,"goooo, umurnya, bar",0.0,0.0,0.0
Intan Paramaditha,6,"bernapas, dicari, dewa",0.0,0.0,0.0
Intan Paramaditha,7,"sirah, live, menghadang",0.0,0.0,0.0
Intan Paramaditha,8,"evercoss, asean, berbagi",0.0,0.0,0.0
Iqbaal Ramadhan,0,"brand, indonesia, yg",0.0,0.0,0.0
Iqbaal Ramadhan,1,"fahardhi, rian, tiktok",0.0,0.0,0.0
Iqbaal Ramadhan,2,"gak, nadanya, ngejudge",0.0,0.0,0.0
Iqbaal Ramadhan,3,"tp201, vivobook, meluncur",0.0,0.0,0.0
Iqbaal Ramadhan,4,"bekti, indra, ssefmun",0.0,0.0,0.0
Iqbaal Ramadhan,5,"goooo, umurnya, bar",0.0,0.0,0.0
Iqbaal Ramadhan,6,"bernapas, dicari, dewa",0.0,0.0,0.0
Iqbaal Ramadhan,7,"sirah, live, menghadang",0.0,0.0,0.0
Iqbaal Ramadhan,8,"evercoss, asean, berbagi",0.0,0.0,0.0
Irfan Amalee,0,"brand, indonesia, yg",0.9149795702246369,0.9086375098402907,0.9054540557705838
Irfan Amalee,1,"fahardhi, rian, tiktok",0.0,0.0,0.0
Irfan Amalee,2,"gak, nadanya, ngejudge",0.0,0.0,0.0
Irfan Amalee,3,"tp201, vivobook, meluncur",0.0,0.0,0.0
Irfan Amalee,4,"bekti, indra, ssefmun",0.0,0.0,0.0
Irfan Amalee,5,"goooo, umurnya, bar",0.0,0.0,0.0
Irfan Amalee,6,"bernapas, dicari, dewa",0.0,0.0,0.0
Irfan Amalee,7,"sirah, live, menghadang",0.0,0.0,0.0
Irfan Amalee,8,"evercoss, asean, berbagi",0.0,0.0,0.0
Isyana Sarasvati,0,"brand, indonesia, yg",0.8789443034392137,0.9485778667424855,0.8978351510089376
Isyana Sarasvati,1,"fahardhi, rian, tiktok",0.0,0.0,0.0
Isyana Sarasvati,2,"gak, nadanya, ngejudge",0.0,0.0,0.0
Isyana Sarasvati,3,"tp201, vivobook, meluncur",0.0,0.0,0.0
Isyana Sarasvati,4,"bekti, indra, ssefmun",0.0,0.0,0.0
Isyana Sarasvati,5,"goooo, umurnya, bar",0.0,0.0,0.0
Isyana Sarasvati,6,"bernapas, dicari, dewa",0.0,0.0,0.0
Isyana Sarasvati,7,"sirah, live, menghadang",0.0,0.0,0.0
Isyana Sarasvati,8,"evercoss, asean, berbagi",0.0,0.0,0.0
Jess no Limit,0,"brand, indonesia, yg",0.8664740661780039,0.9029894648714268,0.8809062108397484
Jess no Limit,1,"fahardhi, rian, tiktok",0.0,0.0,0.0
Jess no Limit,2,"gak, nadanya, ngejudge",0.0,0.0,0.0
Jess no Limit,3,"tp201, vivobook, meluncur",0.0,0.0,0.0
Jess no Limit,4,"bekti, indra, ssefmun",0.0,0.0,0.0
Jess no Limit,5,"goooo, umurnya, bar",0.0,0.0,0.0
Jess no Limit,6,"bernapas, dicari, dewa",0.0,0.0,0.0
Jess no Limit,7,"sirah, live, menghadang",0.0,0.0,0.0
Jess no Limit,8,"evercoss, asean, berbagi",0.0,0.0,0.0
Joko Anwar,0,"brand, indonesia, yg",0.0,0.0,0.0
Joko Anwar,1,"fahardhi, rian, tiktok",0.0,0.0,0.0
Joko Anwar,2,"gak, nadanya, ngejudge",0.0,0.0,0.0
Joko Anwar,3,"tp201, vivobook, meluncur",0.0,0.0,0.0
Joko Anwar,4,"bekti, indra, ssefmun",0.0,0.0,0.0
Joko Anwar,5,"goooo, umurnya, bar",0.0,0.0,0.0
Joko Anwar,6,"bernapas, dicari, dewa",0.0,0.0,0.0
Joko Anwar,7,"sirah, live, menghadang",0.0,0.0,0.0
Joko Anwar,8,"evercoss, asean, berbagi",0.0,0.0,0.0
Jonatan Christie,0,"brand, indonesia, yg",0.933281493296317,0.809215118487676,0.9419493324616376
Jonatan Christie,1,"fahardhi, rian, tiktok",0.0,0.0,0.0
Jonatan Christie,2,"gak, nadanya, ngejudge",0.0,0.0,0.0
Jonatan Christie,3,"tp201, vivobook, meluncur",0.0,0.0,0.0
Jonatan Christie,4,"bekti, indra, ssefmun",0.0,0.0,0.0
Jonatan Christie,5,"goooo, umurnya, bar",0.0,0.0,0.0
Jonatan Christie,6,"bernapas, dicari, dewa",0.0,0.0,0.0
Jonatan Christie,7,"sirah, live, menghadang",0.0,0.0,0.0
Jonatan Christie,8,"evercoss, asean, berbagi",0.0,0.0,0.0
Jonathan Liandi,0,"brand, indonesia, yg",0.9078068019528138,0.9318060058134573,0.9450122807707105
Jonathan Liandi,1,"fahardhi, rian, tiktok",0.0,0.0,0.0
Jonathan Liandi,2,"gak, nadanya, ngejudge",0.0,0.0,0.0
Jonathan Liandi,3,"tp201, vivobook, meluncur",0.0,0.0,0.0
Jonathan Liandi,4,"bekti, indra, ssefmun",0.0,0.0,0.0
Jonathan Liandi,5,"goooo, umurnya, bar",0.0,0.0,0.0
Jonathan Liandi,6,"bernapas, dicari, dewa",0.0,0.0,0.0
Jonathan Liandi,7,"sirah, live, menghadang",0.0,0.0,0.0
Jonathan Liandi,8,"evercoss, asean, berbagi",0.0,0.0,0.0
Jouska,0,"brand, indonesia, yg",0.8749523560206095,0.9910099506378174,0.8968705236911774
Jouska,1,"fahardhi, rian, tiktok",0.0,0.0,0.0
Jouska,2,"gak, nadanya, ngejudge",0.0,0.0,0.0
Jouska,3,"tp201, vivobook, meluncur",0.0,0.0,0.0
Jouska,4,"bekti, indra, ssefmun",0.0,0.0,0.0
Jouska,5,"goooo, umurnya, bar",0.0,0.0,0.0
Jouska,6,"bernapas, dicari, dewa",0.0,0.0,0.0
Jouska,7,"sirah, live, menghadang",0.0,0.0,0.0
Jouska,8,"evercoss, asean, berbagi",0.0,0.0,0.0
KH. Cholil Nafis,0,"brand, indonesia, yg",0.8789139704124348,0.9473616672941476,0.9437008345127106
KH. Cholil Nafis,1,"fahardhi, rian, tiktok",0.0,0.0,0.0
KH. Cholil Nafis,2,"gak, nadanya, ngejudge",0.0,0.0,0.0
KH. Cholil Nafis,3,"tp201, vivobook, meluncur",0.0,0.0,0.0
KH. Cholil Nafis,4,"bekti, indra, ssefmun",0.0,0.0,0.0
KH. Cholil Nafis,5,"goooo, umurnya, bar",0.0,0.0,0.0
KH. Cholil Nafis,6,"bernapas, dicari, dewa",0.8789139704124348,0.9473616672941476,0.9437008345127106
KH. Cholil Nafis,7,"sirah, live, menghadang",0.0,0.0,0.0
KH. Cholil Nafis,8,"evercoss, asean, berbagi",0.0,0.0,0.0
Kadek Arini,0,"brand, indonesia, yg",0.897759046066891,0.9314102354229138,0.9462915351896575
Kadek Arini,1,"fahardhi, rian, tiktok",0.0,0.0,0.0
Kadek Arini,2,"gak, nadanya, ngejudge",0.0,0.0,0.0
Kadek Arini,3,"tp201, vivobook, meluncur",0.0,0.0,0.0
Kadek Arini,4,"bekti, indra, ssefmun",0.0,0.0,0.0
Kadek Arini,5,"goooo, umurnya, bar",0.0,0.0,0.0
Kadek Arini,6,"bernapas, dicari, dewa",0.0,0.0,0.0
Kadek Arini,7,"sirah, live, menghadang",0.0,0.0,0.0
Kadek Arini,8,"evercoss, asean, berbagi",0.0,0.0,0.0
Kayes,0,"brand, indonesia, yg",0.9012937231196297,0.9889276027679443,0.9942873451444838
Kayes,1,"fahardhi, rian, tiktok",0.0,0.0,0.0
Kayes,2,"gak, nadanya, ngejudge",0.0,0.0,0.0
Kayes,3,"tp201, vivobook, meluncur",0.0,0.0,0.0
Kayes,4,"bekti, indra, ssefmun",0.0,0.0,0.0
Kayes,5,"goooo, umurnya, bar",0.0,0.0,0.0
Kayes,6,"bernapas, dicari, dewa",0.0,0.0,0.0
Kayes,7,"sirah, live, menghadang",0.0,0.0,0.0
Kayes,8,"evercoss, asean, berbagi",0.0,0.0,0.0
Kevin Sanjaya,0,"brand, indonesia, yg",0.9190710431239644,0.8733101331669352,0.9361669283646804
Kevin Sanjaya,1,"fahardhi, rian, tiktok",0.0,0.0,0.0
Kevin Sanjaya,2,"gak, nadanya, ngejudge",0.0,0.0,0.0
Kevin Sanjaya,3,"tp201, vivobook, meluncur",0.0,0.0,0.0
Kevin Sanjaya,4,"bekti, indra, ssefmun",0.0,0.0,0.0
Kevin Sanjaya,5,"goooo, umurnya, bar",0.0,0.0,0.0
Kevin Sanjaya,6,"bernapas, dicari, dewa",0.9190710431239644,0.8733101331669352,0.9361669283646804
Kevin Sanjaya,7,"sirah, live, menghadang",0.0,0.0,0.0
Kevin Sanjaya,8,"evercoss, asean, berbagi",0.0,0.0,0.0
Kuliner Koko,0,"brand, indonesia, yg",0.9125013033004656,0.9486324728703966,0.91176195868424
Kuliner Koko,1,"fahardhi, rian, tiktok",0.0,0.0,0.0
Kuliner Koko,2,"gak, nadanya, ngejudge",0.0,0.0,0.0
Kuliner Koko,3,"tp201, vivobook, meluncur",0.0,0.0,0.0
Kuliner Koko,4,"bekti, indra, ssefmun",0.0,0.0,0.0
Kuliner Koko,5,"goooo, umurnya, bar",0.0,0.0,0.0
Kuliner Koko,6,"bernapas, dicari, dewa",0.0,0.0,0.0
Kuliner Koko,7,"sirah, live, menghadang",0.0,0.0,0.0
Kuliner Koko,8,"evercoss, asean, berbagi",0.0,0.0,0.0
Leila S. Chudori,0,"brand, indonesia, yg",0.0,0.0,0.0
Leila S. Chudori,1,"fahardhi, rian, tiktok",0.0,0.0,0.0
Leila S. Chudori,2,"gak, nadanya, ngejudge",0.0,0.0,0.0
Leila S. Chudori,3,"tp201, vivobook, meluncur",0.0,0.0,0.0
Leila S. Chudori,4,"bekti, indra, ssefmun",0.0,0.0,0.0
Leila S. Chudori,5,"goooo, umurnya, bar",0.0,0.0,0.0
Leila S. Chudori,6,"bernapas, dicari, dewa",0.0,0.0,0.0
Leila S. Chudori,7,"sirah, live, menghadang",0.0,0.0,0.0
Leila S. Chudori,8,"evercoss, asean, berbagi",0.0,0.0,0.0
Leokoce,0,"brand, indonesia, yg",0.8536551151333786,0.95670677812732,0.9120084687515542
Leokoce,1,"fahardhi, rian, tiktok",0.0,0.0,0.0
Leokoce,2,"gak, nadanya, ngejudge",0.8536551151333786,0.95670677812732,0.9120084687515542
Leokoce,3,"tp201, vivobook, meluncur",0.0,0.0,0.0
Leokoce,4,"bekti, indra, ssefmun",0.0,0.0,0.0
Leokoce,5,"goooo, umurnya, bar",0.0,0.0,0.0
Leokoce,6,"bernapas, dicari, dewa",0.0,0.0,0.0
Leokoce,7,"sirah, live, menghadang",0.0,0.0,0.0
Leokoce,8,"evercoss, asean, berbagi",0.0,0.0,0.0
Liliyana Natsir,0,"brand, indonesia, yg",0.963861346244812,0.9312762065210204,0.9282963628671608
Liliyana Natsir,1,"fahardhi, rian, tiktok",0.0,0.0,0.0
Liliyana Natsir,2,"gak, nadanya, ngejudge",0.0,0.0,0.0
Liliyana Natsir,3,"tp201, vivobook, meluncur",0.0,0.0,0.0
Liliyana Natsir,4,"bekti, indra, ssefmun",0.0,0.0,0.0
Liliyana Natsir,5,"goooo, umurnya, bar",0.0,0.0,0.0
Liliyana Natsir,6,"bernapas, dicari, dewa",0.0,0.0,0.0
Liliyana Natsir,7,"sirah, live, menghadang",0.0,0.0,0.0
Liliyana Natsir,8,"evercoss, asean, berbagi",0.0,0.0,0.0
Lyodra Ginting,0,"brand, indonesia, yg",0.0,0.0,0.0
Lyodra Ginting,1,"fahardhi, rian, tiktok",0.0,0.0,0.0
Lyodra Ginting,2,"gak, nadanya, ngejudge",0.0,0.0,0.0
Lyodra Ginting,3,"tp201, vivobook, meluncur",0.0,0.0,0.0
Lyodra Ginting,4,"bekti, indra, ssefmun",0.0,0.0,0.0
Lyodra Ginting,5,"goooo, umurnya, bar",0.0,0.0,0.0
Lyodra Ginting,6,"bernapas, dicari, dewa",0.0,0.0,0.0
Lyodra Ginting,7,"sirah, live, menghadang",0.0,0.0,0.0
Lyodra Ginting,8,"evercoss, asean, berbagi",0.0,0.0,0.0
Marcus Gideon,0,"brand, indonesia, yg",0.9055185802280903,0.9459734864723988,0.9550873257897117
Marcus Gideon,1,"fahardhi, rian, tiktok",0.0,0.0,0.0
Marcus Gideon,2,"gak, nadanya, ngejudge",0.0,0.0,0.0
Marcus Gideon,3,"tp201, vivobook, meluncur",0.0,0.0,0.0
Marcus Gideon,4,"bekti, indra, ssefmun",0.0,0.0,0.0
Marcus Gideon,5,"goooo, umurnya, bar",0.0,0.0,0.0
Marcus Gideon,6,"bernapas, dicari, dewa",0.0,0.0,0.0
Marcus Gideon,7,"sirah, live, menghadang",0.0,0.0,0.0
Marcus Gideon,8,"evercoss, asean, berbagi",0.0,0.0,0.0
Marischka Prudence,0,"brand, indonesia, yg",0.0,0.8960079252719879,0.0
Marischka Prudence,1,"fahardhi, rian, tiktok",0.0,0.0,0.0
Marischka Prudence,2,"gak, nadanya, ngejudge",0.0,0.0,0.0
Marischka Prudence,3,"tp201, vivobook, meluncur",0.0,0.0,0.0
Marischka Prudence,4,"bekti, indra, ssefmun",0.0,0.0,0.0
Marischka Prudence,5,"goooo, umurnya, bar",0.0,0.0,0.0
Marischka Prudence,6,"bernapas, dicari, dewa",0.0,0.0,0.0
Marischka Prudence,7,"sirah, live, menghadang",0.0,0.0,0.0
Marischka Prudence,8,"evercoss, asean, berbagi",0.0,0.0,0.0
Melati Wijsen,0,"brand, indonesia, yg",0.9181194835238986,0.9376293122768402,0.8638265558651516
Melati Wijsen,1,"fahardhi, rian, tiktok",0.0,0.0,0.0
Melati Wijsen,2,"gak, nadanya, ngejudge",0.0,0.0,0.0
Melati Wijsen,3,"tp201, vivobook, meluncur",0.0,0.0,0.0
Melati Wijsen,4,"bekti, indra, ssefmun",0.0,0.0,0.0
Melati Wijsen,5,"goooo, umurnya, bar",0.0,0.0,0.0
Melati Wijsen,6,"bernapas, dicari, dewa",0.0,0.0,0.0
Melati Wijsen,7,"sirah, live, menghadang",0.0,0.0,0.0
Melati Wijsen,8,"evercoss, asean, berbagi",0.0,0.0,0.0
Merry Riana,0,"brand, indonesia, yg",0.0,0.0,0.0
Merry Riana,1,"fahardhi, rian, tiktok",0.0,0.0,0.0
Merry Riana,2,"gak, nadanya, ngejudge",0.0,0.0,0.0
Merry Riana,3,"tp201, vivobook, meluncur",0.0,0.0,0.0
Merry Riana,4,"bekti, indra, ssefmun",0.0,0.0,0.0
Merry Riana,5,"goooo, umurnya, bar",0.0,0.0,0.0
Merry Riana,6,"bernapas, dicari, dewa",0.0,0.0,0.0
Merry Riana,7,"sirah, live, menghadang",0.0,0.0,0.0
Merry Riana,8,"evercoss, asean, berbagi",0.0,0.0,0.0
MiawAug,0,"brand, indonesia, yg",0.8621139018922239,0.9181590212715997,0.927730550368627
MiawAug,1,"fahardhi, rian, tiktok",0.0,0.0,0.0
MiawAug,2,"gak, nadanya, ngejudge",0.0,0.0,0.0
MiawAug,3,"tp201, vivobook, meluncur",0.0,0.0,0.0
MiawAug,4,"bekti, indra, ssefmun",0.0,0.0,0.0
MiawAug,5,"goooo, umurnya, bar",0.0,0.0,0.0
MiawAug,6,"bernapas, dicari, dewa",0.0,0.0,0.0
MiawAug,7,"sirah, live, menghadang",0.0,0.0,0.0
MiawAug,8,"evercoss, asean, berbagi",0.0,0.0,0.0
Michelle Ziudith,0,"brand, indonesia, yg",0.0,0.0,0.0
Michelle Ziudith,1,"fahardhi, rian, tiktok",0.0,0.0,0.0
Michelle Ziudith,2,"gak, nadanya, ngejudge",0.0,0.0,0.0
Michelle Ziudith,3,"tp201, vivobook, meluncur",0.0,0.0,0.0
Michelle Ziudith,4,"bekti, indra, ssefmun",0.0,0.0,0.0
Michelle Ziudith,5,"goooo, umurnya, bar",0.0,0.0,0.0
Michelle Ziudith,6,"bernapas, dicari, dewa",0.0,0.0,0.0
Michelle Ziudith,7,"sirah, live, menghadang",0.0,0.0,0.0
Michelle Ziudith,8,"evercoss, asean, berbagi",0.0,0.0,0.0
My Fun FooDiary,0,"brand, indonesia, yg",0.6387409567832947,0.0,0.0
My Fun FooDiary,1,"fahardhi, rian, tiktok",0.0,0.0,0.0
My Fun FooDiary,2,"gak, nadanya, ngejudge",0.0,0.0,0.0
My Fun FooDiary,3,"tp201, vivobook, meluncur",0.0,0.0,0.0
My Fun FooDiary,4,"bekti, indra, ssefmun",0.0,0.0,0.0
My Fun FooDiary,5,"goooo, umurnya, bar",0.0,0.0,0.0
My Fun FooDiary,6,"bernapas, dicari, dewa",0.0,0.0,0.0
My Fun FooDiary,7,"sirah, live, menghadang",0.0,0.0,0.0
My Fun FooDiary,8,"evercoss, asean, berbagi",0.0,0.0,0.0
Najelaa Shihab,0,"brand, indonesia, yg",0.9156734528286117,0.9579645440263568,0.9096686519109286
Najelaa Shihab,1,"fahardhi, rian, tiktok",0.0,0.0,0.0
Najelaa Shihab,2,"gak, nadanya, ngejudge",0.0,0.0,0.0
Najelaa Shihab,3,"tp201, vivobook, meluncur",0.0,0.0,0.0
Najelaa Shihab,4,"bekti, indra, ssefmun",0.0,0.0,0.0
Najelaa Shihab,5,"goooo, umurnya, bar",0.9156734528286117,0.9579645440263568,0.9096686519109286
Najelaa Shihab,6,"bernapas, dicari, dewa",0.0,0.0,0.0
Najelaa Shihab,7,"sirah, live, menghadang",0.0,0.0,0.0
Najelaa Shihab,8,"evercoss, asean, berbagi",0.0,0.0,0.0
Najwa Shihab,0,"brand, indonesia, yg",0.9297482027134425,0.9074302881450976,0.8588481439698127
Najwa Shihab,1,"fahardhi, rian, tiktok",0.0,0.0,0.0
Najwa Shihab,2,"gak, nadanya, ngejudge",0.0,0.0,0.0
Najwa Shihab,3,"tp201, vivobook, meluncur",0.0,0.0,0.0
Najwa Shihab,4,"bekti, indra, ssefmun",0.0,0.0,0.0
Najwa Shihab,5,"goooo, umurnya, bar",0.9297482027134425,0.9074302881450976,0.8588481439698127
Najwa Shihab,6,"bernapas, dicari, dewa",0.0,0.0,0.0
Najwa Shihab,7,"sirah, live, menghadang",0.0,0.0,0.0
Najwa Shihab,8,"evercoss, asean, berbagi",0.0,0.0,0.0
Nana Koot,0,"brand, indonesia, yg",0.9286316287517548,0.9728552821804496,0.9624959315572467
Nana Koot,1,"fahardhi, rian, tiktok",0.0,0.0,0.0
Nana Koot,2,"gak, nadanya, ngejudge",0.0,0.0,0.0
Nana Koot,3,"tp201, vivobook, meluncur",0.0,0.0,0.0
Nana Koot,4,"bekti, indra, ssefmun",0.0,0.0,0.0
Nana Koot,5,"goooo, umurnya, bar",0.0,0.0,0.0
Nana Koot,6,"bernapas, dicari, dewa",0.9286316287517548,0.9728552821804496,0.9624959315572467
Nana Koot,7,"sirah, live, menghadang",0.0,0.0,0.0
Nana Koot,8,"evercoss, asean, berbagi",0.0,0.0,0.0
Natasha Wilona,0,"brand, indonesia, yg",0.0,0.0,0.0
Natasha Wilona,1,"fahardhi, rian, tiktok",0.0,0.0,0.0
Natasha Wilona,2,"gak, nadanya, ngejudge",0.0,0.0,0.0
Natasha Wilona,3,"tp201, vivobook, meluncur",0.0,0.0,0.0
Natasha Wilona,4,"bekti, indra, ssefmun",0.0,0.0,0.0
Natasha Wilona,5,"goooo, umurnya, bar",0.0,0.0,0.0
Natasha Wilona,6,"bernapas, dicari, dewa",0.0,0.0,0.0
Natasha Wilona,7,"sirah, live, menghadang",0.0,0.0,0.0
Natasha Wilona,8,"evercoss, asean, berbagi",0.0,0.0,0.0
Nona Berlian Sakina,0,"brand, indonesia, yg",0.7740581631660461,0.9589919249216715,0.0
Nona Berlian Sakina,1,"fahardhi, rian, tiktok",0.0,0.0,0.0
Nona Berlian Sakina,2,"gak, nadanya, ngejudge",0.0,0.0,0.0
Nona Berlian Sakina,3,"tp201, vivobook, meluncur",0.0,0.0,0.0
Nona Berlian Sakina,4,"bekti, indra, ssefmun",0.0,0.0,0.0
Nona Berlian Sakina,5,"goooo, umurnya, bar",0.0,0.0,0.0
Nona Berlian Sakina,6,"bernapas, dicari, dewa",0.0,0.0,0.0
Nona Berlian Sakina,7,"sirah, live, menghadang",0.0,0.0,0.0
Nona Berlian Sakina,8,"evercoss, asean, berbagi",0.0,0.0,0.0
Oki Setiana Dewi,0,"brand, indonesia, yg",0.9361309872733222,0.9536360276156458,0.940896786749363
Oki Setiana Dewi,1,"fahardhi, rian, tiktok",0.0,0.0,0.0
Oki Setiana Dewi,2,"gak, nadanya, ngejudge",0.0,0.0,0.0
Oki Setiana Dewi,3,"tp201, vivobook, meluncur",0.0,0.0,0.0
Oki Setiana Dewi,4,"bekti, indra, ssefmun",0.0,0.0,0.0
Oki Setiana Dewi,5,"goooo, umurnya, bar",0.0,0.0,0.0
Oki Setiana Dewi,6,"bernapas, dicari, dewa",0.0,0.0,0.0
Oki Setiana Dewi,7,"sirah, live, menghadang",0.0,0.0,0.0
Oki Setiana Dewi,8,"evercoss, asean, berbagi",0.0,0.0,0.0
Pandji Pragiwaksono,0,"brand, indonesia, yg",0.0,0.0,0.0
Pandji Pragiwaksono,1,"fahardhi, rian, tiktok",0.0,0.0,0.0
Pandji Pragiwaksono,2,"gak, nadanya, ngejudge",0.0,0.0,0.0
Pandji Pragiwaksono,3,"tp201, vivobook, meluncur",0.0,0.0,0.0
Pandji Pragiwaksono,4,"bekti, indra, ssefmun",0.0,0.0,0.0
Pandji Pragiwaksono,5,"goooo, umurnya, bar",0.0,0.0,0.0
Pandji Pragiwaksono,6,"bernapas, dicari, dewa",0.0,0.0,0.0
Pandji Pragiwaksono,7,"sirah, live, menghadang",0.0,0.0,0.0
Pandji Pragiwaksono,8,"evercoss, asean, berbagi",0.0,0.0,0.0
Prilly Latuconsina,0,"brand, indonesia, yg",0.0,0.0,0.0
Prilly Latuconsina,1,"fahardhi, rian, tiktok",0.0,0.0,0.0
Prilly Latuconsina,2,"gak, nadanya, ngejudge",0.0,0.0,0.0
Prilly Latuconsina,3,"tp201, vivobook, meluncur",0.0,0.0,0.0
Prilly Latuconsina,4,"bekti, indra, ssefmun",0.0,0.0,0.0
Prilly Latuconsina,5,"goooo, umurnya, bar",0.0,0.0,0.0
Prilly Latuconsina,6,"bernapas, dicari, dewa",0.0,0.0,0.0
Prilly Latuconsina,7,"sirah, live, menghadang",0.0,0.0,0.0
Prilly Latuconsina,8,"evercoss, asean, berbagi",0.0,0.0,0.0
Raden Rauf,0,"brand, indonesia, yg",0.952589120350632,0.9262380205815838,0.9053042382001877
Raden Rauf,1,"fahardhi, rian, tiktok",0.0,0.0,0.0
Raden Rauf,2,"gak, nadanya, ngejudge",0.0,0.0,0.0
Raden Rauf,3,"tp201, vivobook, meluncur",0.0,0.0,0.0
Raden Rauf,4,"bekti, indra, ssefmun",0.0,0.0,0.0
Raden Rauf,5,"goooo, umurnya, bar",0.0,0.0,0.0
Raden Rauf,6,"bernapas, dicari, dewa",0.0,0.0,0.0
Raden Rauf,7,"sirah, live, menghadang",0.0,0.0,0.0
Raden Rauf,8,"evercoss, asean, berbagi",0.0,0.0,0.0
Raditya Dika,0,"brand, indonesia, yg",0.0,0.0,0.0
Raditya Dika,1,"fahardhi, rian, tiktok",0.0,0.0,0.0
Raditya Dika,2,"gak, nadanya, ngejudge",0.0,0.0,0.0
Raditya Dika,3,"tp201, vivobook, meluncur",0.0,0.0,0.0
Raditya Dika,4,"bekti, indra, ssefmun",0.0,0.0,0.0
Raditya Dika,5,"goooo, umurnya, bar",0.0,0.0,0.0
Raditya Dika,6,"bernapas, dicari, dewa",0.0,0.0,0.0
Raditya Dika,7,"sirah, live, menghadang",0.0,0.0,0.0
Raditya Dika,8,"evercoss, asean, berbagi",0.0,0.0,0.0
Rara Sekar,0,"brand, indonesia, yg",0.9024627471671385,0.9206084441393614,0.9195176055354457
Rara Sekar,1,"fahardhi, rian, tiktok",0.0,0.0,0.0
Rara Sekar,2,"gak, nadanya, ngejudge",0.0,0.0,0.0
Rara Sekar,3,"tp201, vivobook, meluncur",0.0,0.0,0.0
Rara Sekar,4,"bekti, indra, ssefmun",0.9024627471671385,0.9206084441393614,0.9195176055354457
Rara Sekar,5,"goooo, umurnya, bar",0.0,0.0,0.0
Rara Sekar,6,"bernapas, dicari, dewa",0.9024627471671385,0.9206084441393614,0.9195176055354457
Rara Sekar,7,"sirah, live, menghadang",0.0,0.0,0.0
Rara Sekar,8,"evercoss, asean, berbagi",0.0,0.0,0.0
Rekt,0,"brand, indonesia, yg",0.0,0.0,0.7728232145309448
Rekt,1,"fahardhi, rian, tiktok",0.0,0.0,0.0
Rekt,2,"gak, nadanya, ngejudge",0.0,0.0,0.0
Rekt,3,"tp201, vivobook, meluncur",0.0,0.0,0.0
Rekt,4,"bekti, indra, ssefmun",0.0,0.0,0.0
Rekt,5,"goooo, umurnya, bar",0.0,0.0,0.0
Rekt,6,"bernapas, dicari, dewa",0.0,0.0,0.0
Rekt,7,"sirah, live, menghadang",0.0,0.0,0.0
Rekt,8,"evercoss, asean, berbagi",0.0,0.0,0.0
Remy Sylado,0,"brand, indonesia, yg",0.0,0.0,0.0
Remy Sylado,1,"fahardhi, rian, tiktok",0.0,0.0,0.0
Remy Sylado,2,"gak, nadanya, ngejudge",0.0,0.0,0.0
Remy Sylado,3,"tp201, vivobook, meluncur",0.0,0.0,0.0
Remy Sylado,4,"bekti, indra, ssefmun",0.0,0.0,0.0
Remy Sylado,5,"goooo, umurnya, bar",0.0,0.0,0.0
Remy Sylado,6,"bernapas, dicari, dewa",0.0,0.0,0.0
Remy Sylado,7,"sirah, live, menghadang",0.0,0.0,0.0
Remy Sylado,8,"evercoss, asean, berbagi",0.0,0.0,0.0
Rendy Saputra,0,"brand, indonesia, yg",0.8995148348808288,0.8798787466117314,0.8376569971442223
Rendy Saputra,1,"fahardhi, rian, tiktok",0.0,0.0,0.0
Rendy Saputra,2,"gak, nadanya, ngejudge",0.0,0.0,0.0
Rendy Saputra,3,"tp201, vivobook, meluncur",0.0,0.0,0.0
Rendy Saputra,4,"bekti, indra, ssefmun",0.0,0.0,0.0
Rendy Saputra,5,"goooo, umurnya, bar",0.0,0.0,0.0
Rendy Saputra,6,"bernapas, dicari, dewa",0.0,0.0,0.0
Rendy Saputra,7,"sirah, live, menghadang",0.0,0.0,0.0
Rendy Saputra,8,"evercoss, asean, berbagi",0.0,0.0,0.0
Reza Aditya,0,"brand, indonesia, yg",0.8145418425401052,0.9292578369379043,0.93728715578715
Reza Aditya,1,"fahardhi, rian, tiktok",0.0,0.0,0.0
Reza Aditya,2,"gak, nadanya, ngejudge",0.0,0.0,0.0
Reza Aditya,3,"tp201, vivobook, meluncur",0.0,0.0,0.0
Reza Aditya,4,"bekti, indra, ssefmun",0.0,0.0,0.0
Reza Aditya,5,"goooo, umurnya, bar",0.0,0.0,0.0
Reza Aditya,6,"bernapas, dicari, dewa",0.0,0.0,0.0
Reza Aditya,7,"sirah, live, menghadang",0.0,0.0,0.0
Reza Aditya,8,"evercoss, asean, berbagi",0.0,0.0,0.0
Rian Fahardhi,0,"brand, indonesia, yg",0.8639202900230885,0.9386028073728084,0.9878436724344889
Rian Fahardhi,1,"fahardhi, rian, tiktok",0.0,0.0,0.0
Rian Fahardhi,2,"gak, nadanya, ngejudge",0.0,0.0,0.0
Rian Fahardhi,3,"tp201, vivobook, meluncur",0.0,0.0,0.0
Rian Fahardhi,4,"bekti, indra, ssefmun",0.0,0.0,0.0
Rian Fahardhi,5,"goooo, umurnya, bar",0.0,0.0,0.0
Rian Fahardhi,6,"bernapas, dicari, dewa",0.0,0.0,0.0
Rian Fahardhi,7,"sirah, live, menghadang",0.0,0.0,0.0
Rian Fahardhi,8,"evercoss, asean, berbagi",0.0,0.0,0.0
Rio Haryanto,0,"brand, indonesia, yg",0.9014659919017969,0.941914654960317,0.8891325809738853
Rio Haryanto,1,"fahardhi, rian, tiktok",0.9014659919017969,0.941914654960317,0.8891325809738853
Rio Haryanto,2,"gak, nadanya, ngejudge",0.0,0.0,0.0
Rio Haryanto,3,"tp201, vivobook, meluncur",0.0,0.0,0.0
Rio Haryanto,4,"bekti, indra, ssefmun",0.0,0.0,0.0
Rio Haryanto,5,"goooo, umurnya, bar",0.0,0.0,0.0
Rio Haryanto,6,"bernapas, dicari, dewa",0.0,0.0,0.0
Rio Haryanto,7,"sirah, live, menghadang",0.0,0.0,0.0
Rio Haryanto,8,"evercoss, asean, berbagi",0.0,0.0,0.0
Rizki Amelia,0,"brand, indonesia, yg",0.9389411947306465,0.9305823653936386,0.9203985267215304
Rizki Amelia,1,"fahardhi, rian, tiktok",0.0,0.0,0.0
Rizki Amelia,2,"gak, nadanya, ngejudge",0.0,0.0,0.0
Rizki Amelia,3,"tp201, vivobook, meluncur",0.0,0.0,0.0
Rizki Amelia,4,"bekti, indra, ssefmun",0.0,0.0,0.0
Rizki Amelia,5,"goooo, umurnya, bar",0.0,0.0,0.0
Rizki Amelia,6,"bernapas, dicari, dewa",0.0,0.0,0.0
Rizki Amelia,7,"sirah, live, menghadang",0.0,0.0,0.0
Rizki Amelia,8,"evercoss, asean, berbagi",0.0,0.0,0.0
Rizky Febian,0,"brand, indonesia, yg",0.0,0.0,0.0
Rizky Febian,1,"fahardhi, rian, tiktok",0.0,0.0,0.0
Rizky Febian,2,"gak, nadanya, ngejudge",0.0,0.0,0.0
Rizky Febian,3,"tp201, vivobook, meluncur",0.0,0.0,0.0
Rizky Febian,4,"bekti, indra, ssefmun",0.0,0.0,0.0
Rizky Febian,5,"goooo, umurnya, bar",0.0,0.0,0.0
Rizky Febian,6,"bernapas, dicari, dewa",0.0,0.0,0.0
Rizky Febian,7,"sirah, live, menghadang",0.0,0.0,0.0
Rizky Febian,8,"evercoss, asean, berbagi",0.0,0.0,0.0
Salim A. Fillah,0,"brand, indonesia, yg",0.928574800491333,0.9540420492118764,0.8833334252641007
Salim A. Fillah,1,"fahardhi, rian, tiktok",0.0,0.0,0.0
Salim A. Fillah,2,"gak, nadanya, ngejudge",0.0,0.0,0.0
Salim A. Fillah,3,"tp201, vivobook, meluncur",0.0,0.0,0.0
Salim A. Fillah,4,"bekti, indra, ssefmun",0.0,0.0,0.0
Salim A. Fillah,5,"goooo, umurnya, bar",0.0,0.0,0.0
Salim A. Fillah,6,"bernapas, dicari, dewa",0.0,0.0,0.0
Salim A. Fillah,7,"sirah, live, menghadang",0.0,0.0,0.0
Salim A. Fillah,8,"evercoss, asean, berbagi",0.0,0.0,0.0
Sandy Firmansyah,0,"brand, indonesia, yg",0.9543347656726837,0.9888535976409912,0.8225959009594388
Sandy Firmansyah,1,"fahardhi, rian, tiktok",0.0,0.0,0.0
Sandy Firmansyah,2,"gak, nadanya, ngejudge",0.0,0.0,0.0
Sandy Firmansyah,3,"tp201, vivobook, meluncur",0.0,0.0,0.0
Sandy Firmansyah,4,"bekti, indra, ssefmun",0.0,0.0,0.0
Sandy Firmansyah,5,"goooo, umurnya, bar",0.0,0.0,0.0
Sandy Firmansyah,6,"bernapas, dicari, dewa",0.0,0.0,0.0
Sandy Firmansyah,7,"sirah, live, menghadang",0.0,0.0,0.0
Sandy Firmansyah,8,"evercoss, asean, berbagi",0.0,0.0,0.0
Sarah Ayu,0,"brand, indonesia, yg",0.0,0.0,0.0
Sarah Ayu,1,"fahardhi, rian, tiktok",0.0,0.0,0.0
Sarah Ayu,2,"gak, nadanya, ngejudge",0.0,0.0,0.0
Sarah Ayu,3,"tp201, vivobook, meluncur",0.0,0.0,0.0
Sarah Ayu,4,"bekti, indra, ssefmun",0.0,0.0,0.0
Sarah Ayu,5,"goooo, umurnya, bar",0.0,0.0,0.0
Sarah Ayu,6,"bernapas, dicari, dewa",0.0,0.0,0.0
Sarah Ayu,7,"sirah, live, menghadang",0.0,0.0,0.0
Sarah Ayu,8,"evercoss, asean, berbagi",0.0,0.0,0.0
Sarah Viloid,0,"brand, indonesia, yg",0.8858671707984729,0.9493549739507804,0.9282319193245262
Sarah Viloid,1,"fahardhi, rian, tiktok",0.0,0.0,0.0
Sarah Viloid,2,"gak, nadanya, ngejudge",0.0,0.0,0.0
Sarah Viloid,3,"tp201, vivobook, meluncur",0.0,0.0,0.0
Sarah Viloid,4,"bekti, indra, ssefmun",0.0,0.0,0.0
Sarah Viloid,5,"goooo, umurnya, bar",0.0,0.0,0.0
Sarah Viloid,6,"bernapas, dicari, dewa",0.0,0.0,0.0
Sarah Viloid,7,"sirah, live, menghadang",0.0,0.0,0.0
Sarah Viloid,8,"evercoss, asean, berbagi",0.0,0.0,0.0
Sarwendah,0,"brand, indonesia, yg",0.8964901518177342,0.9368652868161508,0.9552325000365575
Sarwendah,1,"fahardhi, rian, tiktok",0.0,0.0,0.0
Sarwendah,2,"gak, nadanya, ngejudge",0.0,0.0,0.0
Sarwendah,3,"tp201, vivobook, meluncur",0.0,0.0,0.0
Sarwendah,4,"bekti, indra, ssefmun",0.0,0.0,0.0
Sarwendah,5,"goooo, umurnya, bar",0.0,0.0,0.0
Sarwendah,6,"bernapas, dicari, dewa",0.0,0.0,0.0
Sarwendah,7,"sirah, live, menghadang",0.0,0.0,0.0
Sarwendah,8,"evercoss, asean, berbagi",0.0,0.0,0.0
Seno Gumira Ajidarma,0,"brand, indonesia, yg",0.0,0.0,0.0
Seno Gumira Ajidarma,1,"fahardhi, rian, tiktok",0.0,0.0,0.0
Seno Gumira Ajidarma,2,"gak, nadanya, ngejudge",0.0,0.0,0.0
Seno Gumira Ajidarma,3,"tp201, vivobook, meluncur",0.0,0.0,0.0
Seno Gumira Ajidarma,4,"bekti, indra, ssefmun",0.0,0.0,0.0
Seno Gumira Ajidarma,5,"goooo, umurnya, bar",0.0,0.0,0.0
Seno Gumira Ajidarma,6,"bernapas, dicari, dewa",0.0,0.0,0.0
Seno Gumira Ajidarma,7,"sirah, live, menghadang",0.0,0.0,0.0
Seno Gumira Ajidarma,8,"evercoss, asean, berbagi",0.0,0.0,0.0
Sibungbung,0,"brand, indonesia, yg",0.8879177477853052,0.9312473006108228,0.8991683697508227
Sibungbung,1,"fahardhi, rian, tiktok",0.0,0.0,0.0
Sibungbung,2,"gak, nadanya, ngejudge",0.0,0.0,0.0
Sibungbung,3,"tp201, vivobook, meluncur",0.0,0.0,0.0
Sibungbung,4,"bekti, indra, ssefmun",0.0,0.0,0.0
Sibungbung,5,"goooo, umurnya, bar",0.8879177477853052,0.9312473006108228,0.8991683697508227
Sibungbung,6,"bernapas, dicari, dewa",0.0,0.0,0.0
Sibungbung,7,"sirah, live, menghadang",0.0,0.0,0.0
Sibungbung,8,"evercoss, asean, berbagi",0.0,0.0,0.0
Susan Theresia,0,"brand, indonesia, yg",0.0,0.0,0.0
Susan Theresia,1,"fahardhi, rian, tiktok",0.0,0.0,0.0
Susan Theresia,2,"gak, nadanya, ngejudge",0.0,0.0,0.0
Susan Theresia,3,"tp201, vivobook, meluncur",0.0,0.0,0.0
Susan Theresia,4,"bekti, indra, ssefmun",0.0,0.0,0.0
Susan Theresia,5,"goooo, umurnya, bar",0.0,0.0,0.0
Susan Theresia,6,"bernapas, dicari, dewa",0.0,0.0,0.0
Susan Theresia,7,"sirah, live, menghadang",0.0,0.0,0.0
Susan Theresia,8,"evercoss, asean, berbagi",0.0,0.0,0.0
Syafiq Riza Basalamah,0,"brand, indonesia, yg",0.9186419659777533,0.9576545178311543,0.899567571553317
Syafiq Riza Basalamah,1,"fahardhi, rian, tiktok",0.0,0.0,0.0
Syafiq Riza Basalamah,2,"gak, nadanya, ngejudge",0.0,0.0,0.0
Syafiq Riza Basalamah,3,"tp201, vivobook, meluncur",0.0,0.0,0.0
Syafiq Riza Basalamah,4,"bekti, indra, ssefmun",0.0,0.0,0.0
Syafiq Riza Basalamah,5,"goooo, umurnya, bar",0.0,0.0,0.0
Syafiq Riza Basalamah,6,"bernapas, dicari, dewa",0.0,0.0,0.0
Syafiq Riza Basalamah,7,"sirah, live, menghadang",0.0,0.0,0.0
Syafiq Riza Basalamah,8,"evercoss, asean, berbagi",0.0,0.0,0.0
Syifa Hadju,0,"brand, indonesia, yg",0.9170191535409892,0.9572960639872202,0.9605304444277728
Syifa Hadju,1,"fahardhi, rian, tiktok",0.0,0.0,0.0
Syifa Hadju,2,"gak, nadanya, ngejudge",0.0,0.0,0.0
Syifa Hadju,3,"tp201, vivobook, meluncur",0.0,0.0,0.0
Syifa Hadju,4,"bekti, indra, ssefmun",0.0,0.0,0.0
Syifa Hadju,5,"goooo, umurnya, bar",0.0,0.0,0.0
Syifa Hadju,6,"bernapas, dicari, dewa",0.0,0.0,0.0
Syifa Hadju,7,"sirah, live, menghadang",0.0,0.0,0.0
Syifa Hadju,8,"evercoss, asean, berbagi",0.0,0.0,0.0
Tasya Farasya,0,"brand, indonesia, yg",0.9195694327354431,0.9026959744095803,0.9085731148719788
Tasya Farasya,1,"fahardhi, rian, tiktok",0.0,0.0,0.0
Tasya Farasya,2,"gak, nadanya, ngejudge",0.0,0.0,0.0
Tasya Farasya,3,"tp201, vivobook, meluncur",0.0,0.0,0.0
Tasya Farasya,4,"bekti, indra, ssefmun",0.0,0.0,0.0
Tasya Farasya,5,"goooo, umurnya, bar",0.0,0.0,0.0
Tasya Farasya,6,"bernapas, dicari, dewa",0.0,0.0,0.0
Tasya Farasya,7,"sirah, live, menghadang",0.0,0.0,0.0
Tasya Farasya,8,"evercoss, asean, berbagi",0.0,0.0,0.0
Tasya Kamila,0,"brand, indonesia, yg",0.0,0.0,0.0
Tasya Kamila,1,"fahardhi, rian, tiktok",0.0,0.0,0.0
Tasya Kamila,2,"gak, nadanya, ngejudge",0.0,0.0,0.0
Tasya Kamila,3,"tp201, vivobook, meluncur",0.0,0.0,0.0
Tasya Kamila,4,"bekti, indra, ssefmun",0.0,0.0,0.0
Tasya Kamila,5,"goooo, umurnya, bar",0.0,0.0,0.0
Tasya Kamila,6,"bernapas, dicari, dewa",0.0,0.0,0.0
Tasya Kamila,7,"sirah, live, menghadang",0.0,0.0,0.0
Tasya Kamila,8,"evercoss, asean, berbagi",0.0,0.0,0.0
Trinity Traveler,0,"brand, indonesia, yg",0.903270201862983,0.899312870921912,0.891914427280426
Trinity Traveler,1,"fahardhi, rian, tiktok",0.0,0.0,0.0
Trinity Traveler,2,"gak, nadanya, ngejudge",0.0,0.0,0.0
Trinity Traveler,3,"tp201, vivobook, meluncur",0.0,0.0,0.0
Trinity Traveler,4,"bekti, indra, ssefmun",0.0,0.0,0.0
Trinity Traveler,5,"goooo, umurnya, bar",0.0,0.0,0.0
Trinity Traveler,6,"bernapas, dicari, dewa",0.0,0.0,0.0
Trinity Traveler,7,"sirah, live, menghadang",0.0,0.0,0.0
Trinity Traveler,8,"evercoss, asean, berbagi",0.0,0.0,0.0
Valerie Pola,0,"brand, indonesia, yg",0.0,0.0,0.0
Valerie Pola,1,"fahardhi, rian, tiktok",0.0,0.0,0.0
Valerie Pola,2,"gak, nadanya, ngejudge",0.0,0.0,0.0
Valerie Pola,3,"tp201, vivobook, meluncur",0.0,0.0,0.0
Valerie Pola,4,"bekti, indra, ssefmun",0.0,0.0,0.0
Valerie Pola,5,"goooo, umurnya, bar",0.0,0.0,0.0
Valerie Pola,6,"bernapas, dicari, dewa",0.0,0.0,0.0
Valerie Pola,7,"sirah, live, menghadang",0.0,0.0,0.0
Valerie Pola,8,"evercoss, asean, berbagi",0.0,0.0,0.0
Vidi Aldiano,0,"brand, indonesia, yg",0.9223557606791005,0.9320432854067419,0.890761479309627
Vidi Aldiano,1,"fahardhi, rian, tiktok",0.0,0.0,0.0
Vidi Aldiano,2,"gak, nadanya, ngejudge",0.0,0.0,0.0
Vidi Aldiano,3,"tp201, vivobook, meluncur",0.0,0.0,0.0
Vidi Aldiano,4,"bekti, indra, ssefmun",0.0,0.0,0.0
Vidi Aldiano,5,"goooo, umurnya, bar",0.0,0.0,0.0
Vidi Aldiano,6,"bernapas, dicari, dewa",0.0,0.0,0.0
Vidi Aldiano,7,"sirah, live, menghadang",0.0,0.0,0.0
Vidi Aldiano,8,"evercoss, asean, berbagi",0.0,0.0,0.0
Vina Muliana,0,"brand, indonesia, yg",0.945608662052469,0.915957680879495,0.926027170543013
Vina Muliana,1,"fahardhi, rian, tiktok",0.0,0.0,0.0
Vina Muliana,2,"gak, nadanya, ngejudge",0.0,0.0,0.0
Vina Muliana,3,"tp201, vivobook, meluncur",0.0,0.0,0.0
Vina Muliana,4,"bekti, indra, ssefmun",0.0,0.0,0.0
Vina Muliana,5,"goooo, umurnya, bar",0.0,0.0,0.0
Vina Muliana,6,"bernapas, dicari, dewa",0.0,0.0,0.0
Vina Muliana,7,"sirah, live, menghadang",0.0,0.0,0.0
Vina Muliana,8,"evercoss, asean, berbagi",0.0,0.0,0.0
Vincent Raditya,0,"brand, indonesia, yg",0.8422139212489128,0.9291795071433572,0.9494928002357483
Vincent Raditya,1,"fahardhi, rian, tiktok",0.0,0.0,0.0
Vincent Raditya,2,"gak, nadanya, ngejudge",0.0,0.0,0.0
Vincent Raditya,3,"tp201, vivobook, meluncur",0.0,0.0,0.0
Vincent Raditya,4,"bekti, indra, ssefmun",0.0,0.0,0.0
Vincent Raditya,5,"goooo, umurnya, bar",0.0,0.0,0.0
Vincent Raditya,6,"bernapas, dicari, dewa",0.0,0.0,0.0
Vincent Raditya,7,"sirah, live, menghadang",0.0,0.0,0.0
Vincent Raditya,8,"evercoss, asean, berbagi",0.0,0.0,0.0
Vindy Lee,0,"brand, indonesia, yg",0.9010695394347695,0.9052565387317113,0.9281253599729694
Vindy Lee,1,"fahardhi, rian, tiktok",0.0,0.0,0.0
Vindy Lee,2,"gak, nadanya, ngejudge",0.0,0.0,0.0
Vindy Lee,3,"tp201, vivobook, meluncur",0.0,0.0,0.0
Vindy Lee,4,"bekti, indra, ssefmun",0.0,0.0,0.0
Vindy Lee,5,"goooo, umurnya, bar",0.0,0.0,0.0
Vindy Lee,6,"bernapas, dicari, dewa",0.0,0.0,0.0
Vindy Lee,7,"sirah, live, menghadang",0.0,0.0,0.0
Vindy Lee,8,"evercoss, asean, berbagi",0.0,0.0,0.0
Wahyu Nayaka,0,"brand, indonesia, yg",0.9151223380314676,0.954317311445872,0.893607984570896
Wahyu Nayaka,1,"fahardhi, rian, tiktok",0.0,0.0,0.0
Wahyu Nayaka,2,"gak, nadanya, ngejudge",0.0,0.0,0.0
Wahyu Nayaka,3,"tp201, vivobook, meluncur",0.0,0.0,0.0
Wahyu Nayaka,4,"bekti, indra, ssefmun",0.0,0.0,0.0
Wahyu Nayaka,5,"goooo, umurnya, bar",0.0,0.0,0.0
Wahyu Nayaka,6,"bernapas, dicari, dewa",0.0,0.0,0.0
Wahyu Nayaka,7,"sirah, live, menghadang",0.0,0.0,0.0
Wahyu Nayaka,8,"evercoss, asean, berbagi",0.0,0.0,0.0
William Gozali,0,"brand, indonesia, yg",0.8980953919887543,0.9444485595351771,0.8675025385968825
William Gozali,1,"fahardhi, rian, tiktok",0.0,0.0,0.0
William Gozali,2,"gak, nadanya, ngejudge",0.0,0.0,0.0
William Gozali,3,"tp201, vivobook, meluncur",0.0,0.0,0.0
William Gozali,4,"bekti, indra, ssefmun",0.0,0.0,0.0
William Gozali,5,"goooo, umurnya, bar",0.0,0.0,0.0
William Gozali,6,"bernapas, dicari, dewa",0.0,0.0,0.0
William Gozali,7,"sirah, live, menghadang",0.0,0.0,0.0
William Gozali,8,"evercoss, asean, berbagi",0.0,0.0,0.0
Windah Basudara,0,"brand, indonesia, yg",0.9170975970370429,0.8554595100636385,0.939588801584382
Windah Basudara,1,"fahardhi, rian, tiktok",0.0,0.0,0.0
Windah Basudara,2,"gak, nadanya, ngejudge",0.0,0.0,0.0
Windah Basudara,3,"tp201, vivobook, meluncur",0.0,0.0,0.0
Windah Basudara,4,"bekti, indra, ssefmun",0.0,0.0,0.0
Windah Basudara,5,"goooo, umurnya, bar",0.0,0.0,0.0
Windah Basudara,6,"bernapas, dicari, dewa",0.0,0.0,0.0
Windah Basudara,7,"sirah, live, menghadang",0.0,0.0,0.0
Windah Basudara,8,"evercoss, asean, berbagi",0.0,0.0,0.0
Windy Ariestanty,0,"brand, indonesia, yg",0.0,0.0,0.0
Windy Ariestanty,1,"fahardhi, rian, tiktok",0.0,0.0,0.0
Windy Ariestanty,2,"gak, nadanya, ngejudge",0.0,0.0,0.0
Windy Ariestanty,3,"tp201, vivobook, meluncur",0.0,0.0,0.0
Windy Ariestanty,4,"bekti, indra, ssefmun",0.0,0.0,0.0
Windy Ariestanty,5,"goooo, umurnya, bar",0.0,0.0,0.0
Windy Ariestanty,6,"bernapas, dicari, dewa",0.0,0.0,0.0
Windy Ariestanty,7,"sirah, live, menghadang",0.0,0.0,0.0
Windy Ariestanty,8,"evercoss, asean, berbagi",0.0,0.0,0.0
Wira Nagara,0,"brand, indonesia, yg",0.0,0.0,0.0
Wira Nagara,1,"fahardhi, rian, tiktok",0.0,0.0,0.0
Wira Nagara,2,"gak, nadanya, ngejudge",0.0,0.0,0.0
Wira Nagara,3,"tp201, vivobook, meluncur",0.0,0.0,0.0
Wira Nagara,4,"bekti, indra, ssefmun",0.0,0.0,0.0
Wira Nagara,5,"goooo, umurnya, bar",0.0,0.0,0.0
Wira Nagara,6,"bernapas, dicari, dewa",0.0,0.0,0.0
Wira Nagara,7,"sirah, live, menghadang",0.0,0.0,0.0
Wira Nagara,8,"evercoss, asean, berbagi",0.0,0.0,0.0
Yasa Singgih,0,"brand, indonesia, yg",0.8388365577248966,0.9482352139428258,0.92385480205218
Yasa Singgih,1,"fahardhi, rian, tiktok",0.0,0.0,0.0
Yasa Singgih,2,"gak, nadanya, ngejudge",0.0,0.0,0.0
Yasa Singgih,3,"tp201, vivobook, meluncur",0.0,0.0,0.0
Yasa Singgih,4,"bekti, indra, ssefmun",0.0,0.0,0.0
Yasa Singgih,5,"goooo, umurnya, bar",0.0,0.0,0.0
Yasa Singgih,6,"bernapas, dicari, dewa",0.0,0.0,0.0
Yasa Singgih,7,"sirah, live, menghadang",0.0,0.0,0.0
Yasa Singgih,8,"evercoss, asean, berbagi",0.0,0.0,0.0
Yuda Bustara,0,"brand, indonesia, yg",0.9186332143586258,0.9445205551304229,0.8630935363471508
Yuda Bustara,1,"fahardhi, rian, tiktok",0.0,0.0,0.0
Yuda Bustara,2,"gak, nadanya, ngejudge",0.0,0.0,0.0
Yuda Bustara,3,"tp201, vivobook, meluncur",0.0,0.0,0.0
Yuda Bustara,4,"bekti, indra, ssefmun",0.0,0.0,0.0
Yuda Bustara,5,"goooo, umurnya, bar",0.9186332143586258,0.9445205551304229,0.8630935363471508
Yuda Bustara,6,"bernapas, dicari, dewa",0.0,0.0,0.0
Yuda Bustara,7,"sirah, live, menghadang",0.0,0.0,0.0
Yuda Bustara,8,"evercoss, asean, berbagi",0.0,0.0,0.0
Yumi Kwandy,0,"brand, indonesia, yg",0.0,0.0,0.0
Yumi Kwandy,1,"fahardhi, rian, tiktok",0.0,0.0,0.0
Yumi Kwandy,2,"gak, nadanya, ngejudge",0.0,0.0,0.0
Yumi Kwandy,3,"tp201, vivobook, meluncur",0.0,0.0,0.0
Yumi Kwandy,4,"bekti, indra, ssefmun",0.0,0.0,0.0
Yumi Kwandy,5,"goooo, umurnya, bar",0.0,0.0,0.0
Yumi Kwandy,6,"bernapas, dicari, dewa",0.0,0.0,0.0
Yumi Kwandy,7,"sirah, live, menghadang",0.0,0.0,0.0
Yumi Kwandy,8,"evercoss, asean, berbagi",0.0,0.0,0.0
Yusuf Mansur,0,"brand, indonesia, yg",0.8464970495551825,0.9351878220384772,0.893949918448925
Yusuf Mansur,1,"fahardhi, rian, tiktok",0.0,0.0,0.0
Yusuf Mansur,2,"gak, nadanya, ngejudge",0.0,0.0,0.0
Yusuf Mansur,3,"tp201, vivobook, meluncur",0.0,0.0,0.0
Yusuf Mansur,4,"bekti, indra, ssefmun",0.0,0.0,0.0
Yusuf Mansur,5,"goooo, umurnya, bar",0.0,0.0,0.0
Yusuf Mansur,6,"bernapas, dicari, dewa",0.0,0.0,0.0
Yusuf Mansur,7,"sirah, live, menghadang",0.0,0.0,0.0
Yusuf Mansur,8,"evercoss, asean, berbagi",0.0,0.0,0.0
Zahra Muzdalifah,0,"brand, indonesia, yg",0.890298233312719,0.9814530144204626,0.9176965892314911
Zahra Muzdalifah,1,"fahardhi, rian, tiktok",0.0,0.0,0.0
Zahra Muzdalifah,2,"gak, nadanya, ngejudge",0.0,0.0,0.0
Zahra Muzdalifah,3,"tp201, vivobook, meluncur",0.0,0.0,0.0
Zahra Muzdalifah,4,"bekti, indra, ssefmun",0.0,0.0,0.0
Zahra Muzdalifah,5,"goooo, umurnya, bar",0.0,0.0,0.0
Zahra Muzdalifah,6,"bernapas, dicari, dewa",0.0,0.0,0.0
Zahra Muzdalifah,7,"sirah, live, menghadang",0.0,0.0,0.0
Zahra Muzdalifah,8,"evercoss, asean, berbagi",0.0,0.0,0.0
Zohri Lalu,0,"brand, indonesia, yg",0.8973122879862785,0.943737320810835,0.9338886842131615
Zohri Lalu,1,"fahardhi, rian, tiktok",0.0,0.0,0.0
Zohri Lalu,2,"gak, nadanya, ngejudge",0.0,0.0,0.0
Zohri Lalu,3,"tp201, vivobook, meluncur",0.0,0.0,0.0
Zohri Lalu,4,"bekti, indra, ssefmun",0.0,0.0,0.0
Zohri Lalu,5,"goooo, umurnya, bar",0.0,0.0,0.0
Zohri Lalu,6,"bernapas, dicari, dewa",0.0,0.0,0.0
Zohri Lalu,7,"sirah, live, menghadang",0.0,0.0,0.0
Zohri Lalu,8,"evercoss, asean, berbagi",0.0,0.0,0.0
