influencer_id,name,platform_primary,platform_primary_score,persona,demography_usia,demography_gender,demography_income,psychography_lifestyle,psychography_personality,psychography_main_value,trending_status,likeability_sentiment,campaign_success_signif,similarity_tags,has_relevant_history,random_endorse_rate,behavior_consistency,expertise
INF001,Ayu Tingting,Instagram,83,"['Entertainment','Music','Lifestyle']",Generasi Milenial,Perempuan,Menengah,"['Glamour','Modern']","['Energetic','Expressive']",Fun,True,Positive,False,"['Dangdut','Artis'] ",False,0.36,False,False
INF002,Atta Halilintar,YouTube,90,"['Entertainment','Vlog','Family']",Generasi Z,Laki-laki,Menengah ke atas,"['Modern','Entrepreneur']","['Energetic','Ambitious']",Inspiring,True,Positive,False,"['Gen Halilintar','Vlogger']",False,0.68,False,False
INF003,Prilly Latuconsina,Instagram,85,"['Entertainment','Acting','Lifestyle']",Generasi Z,Perempuan,Menengah ke atas,"['Modern','Glamour']","['Expressive','Friendly']",Passion,True,Positive,False,"['Sinetron','Aktris']",False,0.48,False,False
INF004,Raditya Dika,YouTube,88,"['Comedy','Writing','Lifestyle']",Generasi Milenial,Laki-laki,Menengah ke atas,"['Simple','Modern']","['Humorous','Creative']",Creativity,True,Positive,False,"['Standup','Penulis']",False,0.48,True,False
INF005,Iqbaal Ramadhan,Instagram,80,"['Music','Acting','Youth']",Generasi Z,Laki-laki,Menengah,"['Modern','Youthful']","['Friendly','Talented']",Youthfulness,True,Positive,False,"['CJR','Musisi']",False,0.53,False,False
INF006,Michelle Ziudith,Instagram,74,"['Acting','Lifestyle','Travel']",Generasi Z,Perempuan,Menengah ke atas,"['Modern','Travel']","['Friendly','Adventurous']",Passion,False,Positive,False,"['Aktris','Traveler']",False,0.88,False,False
INF007,Chelsea Olivia,Instagram,75,"['Acting','Family','Lifestyle']",Generasi Milenial,Perempuan,Menengah ke atas,"['Family','Modern']","['Caring','Friendly']",Family,False,Positive,False,"['Aktris','Ibu']",False,0.35,False,False
INF008,Dinda Hauw,Instagram,73,"['Acting','Family','Lifestyle']",Generasi Z,Perempuan,Menengah,"['Family','Modern']","['Caring','Friendly']",Family,False,Positive,False,"['Aktris','Ibu']",False,0.41,False,False
INF009,Lyodra Ginting,Instagram,78,"['Music','Entertainment','Youth']",Generasi Z,Perempuan,Menengah,"['Modern','Youthful']","['Talented','Expressive']",Talent,False,Positive,False,"['Idol','Musisi']",False,0.28,False,False
INF010,Gisella Anastasia,Instagram,72,"['Entertainment','Music','Family']",Generasi Milenial,Perempuan,Menengah ke atas,"['Family','Modern']","['Expressive','Friendly']",Family,False,Positive,False,"['Artis','Ibu']",False,0.22,False,False
INF011,Natasha Wilona,Instagram,77,"['Acting','Lifestyle','Beauty']",Generasi Z,Perempuan,Menengah ke atas,"['Modern','Beauty']","['Friendly','Talented']",Beauty,False,Positive,False,"['Aktris','Beauty']",False,0.32,False,False
INF012,Ariel Noah,Instagram,92,"['Music','Entertainment','Lifestyle']",Generasi Milenial,Laki-laki,Menengah ke atas,"['Modern','Music']","['Talented','Cool']",Talent,True,Positive,False,"['Noah','Musisi']",False,0.94,False,False
INF013,Cinta Laura,Instagram,69,"['Acting','Music','Education']",Generasi Milenial,Perempuan,Menengah ke atas,"['Modern','Education']","['Talented','Smart']",Empowerment,False,Positive,False,"['Aktris','Pendidikan']",False,0.72,False,False
INF014,Felicya Angelista,Instagram,61,"['Acting','Entrepreneur','Family']",Generasi Milenial,Perempuan,Menengah ke atas,"['Family','Entrepreneur']","['Caring','Ambitious']",Family,False,Positive,False,"['Aktris','Bisnis']",False,0.88,False,False
INF015,Indra Bekti,Instagram,69,"['Entertainment','MC','Comedy']",Generasi X,Laki-laki,Menengah,"['Modern','Simple']","['Humorous','Friendly']",Fun,False,Positive,False,"['MC','Presenter']",False,0.53,False,False
INF016,Rizky Febian,Instagram,82,"['Music','Entertainment','Youth']",Generasi Z,Laki-laki,Menengah,"['Modern','Youthful']","['Talented','Friendly']",Talent,True,Positive,False,"['Musisi','Idol']",False,0.42,False,False
INF017,Tasya Kamila,Instagram,76,"['Entertainment','Education','Family']",Generasi Milenial,Perempuan,Menengah ke atas,"['Family','Education']","['Smart','Friendly']",Empowerment,False,Positive,False,"['Aktris','Pendidikan']",False,0.35,False,False
INF018,Alexa Belvana,Instagram,73,"['Beauty','Fashion','Lifestyle']",Generasi Z,Perempuan,Menengah ke atas,"['Modern','Trendy']","['Stylish','Confident']",Elegance,False,Positive,False,"['Beauty','Fashion']",False,0.61,True,True
INF019,Ayla Dimitri,Instagram,84,"['Beauty','Fashion','Lifestyle']",Generasi Milenial,Perempuan,Menengah ke atas,"['Modern','Trendy']","['Creative','Confident']",Creativity,True,Positive,False,"['Fashion','Influencer']",False,0.81,True,True
INF020,Valerie Pola,Instagram,71,"['Beauty','Fashion','Lifestyle']",Generasi Z,Perempuan,Menengah ke atas,"['Modern','Trendy']","['Stylish','Friendly']",Elegance,False,Positive,False,"['Beauty','Fashion']",False,0.27,True,True
INF021,Sarah Gabriella Tumiwa,Instagram,77,"['Beauty','Fashion','Lifestyle']",Generasi Z,Perempuan,Menengah ke atas,"['Modern','Trendy']","['Confident','Friendly']",Confidence,False,Positive,False,"['Fashion','Model']",False,0.27,True,True
INF022,Tiffany Regina,Instagram,79,"['Beauty','Fashion','Lifestyle']",Generasi Milenial,Perempuan,Menengah ke atas,"['Modern','Trendy']","['Stylish','Creative']",Elegance,False,Positive,False,"['Beauty','Fashion']",False,0.61,True,True
INF023,Vili Su,Instagram,82,"['Beauty','Fashion','Lifestyle']",Generasi Z,Perempuan,Menengah ke atas,"['Modern','Trendy']","['Confident','Creative']",Creativity,True,Positive,False,"['Fashion','Influencer']",False,0.32,True,True
INF024,Claradevi,Instagram,66,"['Beauty','Fashion','Lifestyle']",Generasi Milenial,Perempuan,Menengah ke atas,"['Modern','Trendy']","['Stylish','Friendly']",Elegance,False,Positive,False,"['Beauty','Fashion']",False,0.43,True,True
INF025,Yumi Kwandy,Instagram,78,"['Beauty','Fashion','Lifestyle']",Generasi Z,Perempuan,Menengah ke atas,"['Modern','Trendy']","['Confident','Creative']",Creativity,False,Positive,False,"['Fashion','Influencer']",False,0.94,True,True
INF026,Fadhilah Razak,Instagram,76,"['Beauty','Fashion','Lifestyle']",Generasi Milenial,Perempuan,Menengah ke atas,"['Modern','Trendy']","['Stylish','Friendly']",Elegance,False,Positive,False,"['Beauty','Fashion']",False,0.52,True,True
INF027,Jessica Charis,Instagram,69,"['Beauty','Fashion','Lifestyle']",Generasi Z,Perempuan,Menengah ke atas,"['Modern','Trendy']","['Confident','Creative']",Creativity,False,Positive,False,"['Fashion','Influencer']",False,0.78,True,True
INF028,Evelyn Ramli,Instagram,79,"['Beauty','Fashion','Lifestyle']",Generasi Milenial,Perempuan,Menengah ke atas,"['Modern','Trendy']","['Stylish','Friendly']",Elegance,False,Positive,False,"['Beauty','Fashion']",False,0.75,True,True
INF029,Aurel Oriana,Instagram,76,"['Beauty','Fashion','Lifestyle']",Generasi Z,Perempuan,Menengah ke atas,"['Modern','Trendy']","['Stylish','Confident']",Elegance,False,Positive,False,"['Beauty','Fashion']",False,0.47,True,True
INF030,Angel Tamara,Instagram,73,"['Beauty','Fashion','Lifestyle']",Generasi Milenial,Perempuan,Menengah ke atas,"['Modern','Trendy']","['Creative','Confident']",Creativity,False,Positive,False,"['Fashion','Influencer']",False,0.77,True,True
INF031,Calista Cherrie,Instagram,80,"['Beauty','Fashion','Lifestyle']",Generasi Z,Perempuan,Menengah ke atas,"['Modern','Trendy']","['Stylish','Friendly']",Elegance,True,Positive,False,"['Beauty','Fashion']",False,0.93,True,True
INF032,Shalfa Putri Raihan,Instagram,60,"['Beauty','Fashion','Lifestyle']",Generasi Z,Perempuan,Menengah ke atas,"['Modern','Trendy']","['Confident','Friendly']",Confidence,False,Positive,False,"['Fashion','Model']",False,0.94,True,True
INF033,Sarah Ayu,Instagram,68,"['Beauty','Fashion','Lifestyle']",Generasi Milenial,Perempuan,Menengah ke atas,"['Modern','Trendy']","['Stylish','Creative']",Elegance,False,Positive,False,"['Beauty','Fashion']",False,0.9,True,True
INF034,Agustina Hermanto,Instagram,67,"['Beauty','Fashion','Lifestyle']",Generasi Z,Perempuan,Menengah ke atas,"['Modern','Trendy']","['Confident','Creative']",Creativity,False,Positive,False,"['Fashion','Influencer']",False,0.31,True,True
INF035,Najwa Shihab,YouTube,64,"['Education','Media','Public Expert']",Generasi X,Perempuan,Menengah ke atas,"['Intellectual','Modern']","['Smart','Critical']",Knowledge,False,Positive,True,"['Jurnalis','Narasi']",True,0.66,True,True
INF036,Dewi Lestari,Instagram,76,"['Education','Writing','Public Expert']",Generasi X,Perempuan,Menengah ke atas,"['Intellectual','Creative']","['Smart','Creative']",Wisdom,False,Positive,True,"['Penulis','Musisi']",True,0.52,True,True
INF037,Brian Febrian,Instagram,65,"['Education','Public Expert']",Generasi Milenial,Laki-laki,Menengah ke atas,"['Intellectual','Modern']","['Smart','Critical']",Knowledge,False,Positive,True,"['Pakar','Edukasi']",True,0.94,True,True
INF038,Najelaa Shihab,Instagram,73,"['Education','Public Expert']",Generasi X,Perempuan,Menengah ke atas,"['Intellectual','Modern']","['Smart','Caring']",Empowerment,False,Positive,True,"['Pendidikan','Aktivis']",True,0.69,True,True
INF039,Gede Prama,Instagram,84,"['Education','Spiritual','Public Expert']",Generasi X,Laki-laki,Menengah ke atas,"['Spiritual','Simple']","['Wise','Calm']",Wisdom,False,Positive,True,"['Spiritual','Motivator']",True,0.41,True,True
INF042,Gitasav,Instagram,77,"['Education','Public Expert','Motivation']",Generasi Milenial,Perempuan,Menengah ke atas,"['Modern','Motivational']","['Smart','Inspiring']",Empowerment,False,Positive,True,"['Motivator','Edukasi']",True,0.23,True,True
INF043,Alya Nurshabrina,Instagram,78,"['Education','Public Expert','Motivation']",Generasi Milenial,Perempuan,Menengah ke atas,"['Modern','Motivational']","['Smart','Inspiring']",Empowerment,False,Positive,True,"['Motivator','Edukasi']",True,0.76,True,True
INF044,Reza Aditya,Instagram,68,"['Education','Public Expert','Motivation']",Generasi Milenial,Laki-laki,Menengah ke atas,"['Modern','Motivational']","['Smart','Inspiring']",Empowerment,False,Positive,True,"['Motivator','Edukasi']",True,0.2,True,True
INF045,Felix Siauw,YouTube,82,"['Education','Religion','Public Expert']",Generasi X,Laki-laki,Menengah ke atas,"['Religious','Modern']","['Wise','Inspiring']",Faith,False,Positive,True,"['Ustadz','Motivator']",True,0.42,True,True
INF046,Nadia Mulya,Instagram,67,"['Education','Public Expert','Parenting']",Generasi Milenial,Perempuan,Menengah ke atas,"['Modern','Family']","['Caring','Smart']",Family,False,Positive,True,"['Parenting','Edukasi']",True,0.31,True,True
INF047,Luna Vidya,Instagram,76,"['Education','Public Expert','Parenting']",Generasi Milenial,Perempuan,Menengah ke atas,"['Modern','Family']","['Caring','Smart']",Family,False,Positive,True,"['Parenting','Edukasi']",True,0.92,True,True
INF048,Agustinus Wibowo,Instagram,61,"['Education','Writing','Public Expert']",Generasi Milenial,Laki-laki,Menengah ke atas,"['Intellectual','Creative']","['Smart','Creative']",Wisdom,False,Positive,True,"['Penulis','Travel']",True,0.24,True,True
INF053,Rara Sekar,Instagram,83,"['Activism','Social','Changemaker']",Generasi Milenial,Perempuan,Menengah ke atas,"['Modern','Social']","['Caring','Creative']",Empowerment,True,Positive,True,"['Aktivis','Musisi']",True,0.45,True,True
INF055,Isyana Sarasvati,Instagram,62,"['Activism','Music','Changemaker']",Generasi Z,Perempuan,Menengah ke atas,"['Modern','Creative']","['Talented','Inspiring']",Creativity,True,Positive,True,"['Musisi','Aktivis']",True,0.85,True,True
INF056,Vidi Aldiano,Instagram,70,"['Activism','Music','Changemaker']",Generasi Milenial,Laki-laki,Menengah ke atas,"['Modern','Creative']","['Talented','Friendly']",Empowerment,True,Positive,True,"['Musisi','Aktivis']",True,0.38,True,True
INF061,Helga Angelina,Instagram,76,"['Activism','Social','Changemaker']",Generasi Milenial,Perempuan,Menengah ke atas,"['Modern','Eco-conscious']","['Caring','Inspiring']",Sustainability,True,Positive,True,"['Lingkungan','Vegan']",True,0.39,True,True
INF062,Melati Wijsen,Instagram,80,"['Activism','Social','Changemaker']",Generasi Z,Perempuan,Menengah ke atas,"['Modern','Eco-conscious']","['Caring','Inspiring']",Sustainability,True,Positive,True,"['Lingkungan','Aktivis']",True,0.55,True,True
INF065,Anindya Kusuma,Instagram,78,"['Activism','Social','Changemaker']",Generasi Milenial,Perempuan,Menengah ke atas,"['Modern','Social']","['Caring','Creative']",Empowerment,True,Positive,True,"['Aktivis','Influencer']",True,0.27,True,True
INF067,Eva Bande,Instagram,60,"['Activism','Social','Changemaker']",Generasi X,Perempuan,Menengah ke atas,"['Modern','Social']","['Caring','Inspiring']",Justice,True,Positive,True,"['Aktivis','Lingkungan']",True,0.93,True,True
INF068,Zahra Muzdalifah,Instagram,74,"['Activism','Sports','Changemaker']",Generasi Z,Perempuan,Menengah ke atas,"['Modern','Sporty']","['Energetic','Inspiring']",Empowerment,True,Positive,True,"['Atlet','Aktivis']",True,0.24,True,True
INF069,Sarwendah,Instagram,63,"['Lifestyle','Family','Everyday']",Generasi Milenial,Perempuan,Menengah ke atas,"['Family','Modern']","['Caring','Friendly']",Family,False,Positive,False,"['Ibu','Selebriti']",False,0.81,True,False
INF070,Cut Meyriska,Instagram,62,"['Lifestyle','Family','Everyday']",Generasi Milenial,Perempuan,Menengah ke atas,"['Family','Modern']","['Caring','Friendly']",Family,False,Positive,False,"['Aktris','Ibu']",False,0.6,True,False
INF072,Danu Alqamara,Instagram,63,"['Lifestyle','Family','Everyday']",Generasi Milenial,Laki-laki,Menengah,"['Family','Simple']","['Friendly','Caring']",Family,False,Positive,False,"['Ayah','Influencer']",False,0.79,True,False
INF074,Donna Harun,Instagram,69,"['Lifestyle','Family','Everyday']",Generasi X,Perempuan,Menengah ke atas,"['Family','Modern']","['Caring','Elegant']",Family,False,Positive,False,"['Aktris','Ibu']",False,0.2,True,False
INF075,Rian Fahardhi,Instagram,78,"['Lifestyle','Family','Everyday']",Generasi Milenial,Laki-laki,Menengah,"['Simple','Modern']","['Friendly','Caring']",Fun,False,Positive,False,"['Influencer','Daily']",False,0.4,True,False
INF076,Nona Berlian Sakina,Instagram,77,"['Lifestyle','Family','Everyday']",Generasi Milenial,Perempuan,Menengah,"['Family','Simple']","['Caring','Friendly']",Family,False,Positive,False,"['Ibu','Influencer']",False,0.23,True,False
INF078,Henjiwong,Instagram,61,"['Culinary','Lifestyle','Everyday']",Generasi Milenial,Laki-laki,Menengah ke atas,"['Modern','Culinary']","['Creative','Friendly']",Creativity,True,Positive,False,"['Kuliner','Chef']",False,0.91,True,False
INF080,Anakjajan,Instagram,79,"['Culinary','Lifestyle','Everyday']",Generasi Milenial,Perempuan,Menengah ke atas,"['Modern','Culinary']","['Creative','Friendly']",Creativity,True,Positive,False,"['Kuliner','Foodblogger']",False,0.27,True,False
INF081,Kuliner Koko,Instagram,82,"['Culinary','Lifestyle','Everyday']",Generasi Milenial,Laki-laki,Menengah,"['Modern','Culinary']","['Friendly','Creative']",Creativity,True,Positive,False,"['Kuliner','Foodblogger']",False,0.88,True,False
INF082,Susan Theresia,Instagram,79,"['Culinary','Lifestyle','Everyday']",Generasi Milenial,Perempuan,Menengah ke atas,"['Modern','Culinary']","['Creative','Friendly']",Creativity,True,Positive,False,"['Kuliner','Foodblogger']",False,0.84,True,False
INF083,Agakenyang,Instagram,65,"['Culinary','Lifestyle','Everyday']",Generasi Milenial,Laki-laki,Menengah,"['Modern','Culinary']","['Friendly','Creative']",Creativity,True,Positive,False,"['Kuliner','Foodblogger']",False,0.37,True,False
INF084,Ayoe Widya,Instagram,66,"['Culinary','Lifestyle','Everyday']",Generasi Milenial,Perempuan,Menengah,"['Modern','Culinary']","['Creative','Friendly']",Creativity,True,Positive,False,"['Kuliner','Foodblogger']",False,0.88,True,False
INF085,Syifa Hadju,Instagram,73,"['Lifestyle','Beauty','Everyday']",Generasi Z,Perempuan,Menengah ke atas,"['Modern','Beauty']","['Friendly','Stylish']",Beauty,False,Positive,False,"['Aktris','Beauty']",False,0.78,True,False
INF086,Greysia Polii,Instagram,84,"['Sports','Athlete','Motivation']",Generasi Milenial,Perempuan,Menengah ke atas,"['Sporty','Disiplin']","['Energetic','Inspiring']",Achievement,True,Positive,True,"['Badminton','Olimpiade']",True,0.29,True,True
INF087,Apriyani Rahayu,Instagram,66,"['Sports','Athlete','Motivation']",Generasi Z,Perempuan,Menengah ke atas,"['Sporty','Disiplin']","['Energetic','Inspiring']",Achievement,True,Positive,True,"['Badminton','Olimpiade']",True,0.91,True,True
INF088,Liliyana Natsir,Instagram,83,"['Sports','Athlete','Motivation']",Generasi Milenial,Perempuan,Menengah ke atas,"['Sporty','Disiplin']","['Energetic','Inspiring']",Achievement,True,Positive,True,"['Badminton','Olimpiade']",True,0.23,True,True
INF089,Rio Haryanto,Instagram,72,"['Sports','Athlete','Motivation']",Generasi Milenial,Laki-laki,Menengah ke atas,"['Sporty','Modern']","['Energetic','Ambitious']",Achievement,True,Positive,True,"['F1','Balap']",True,0.53,True,True
INF090,Anthony Ginting,Instagram,62,"['Sports','Athlete','Motivation']",Generasi Z,Laki-laki,Menengah ke atas,"['Sporty','Disiplin']","['Energetic','Inspiring']",Achievement,True,Positive,True,"['Badminton','Olimpiade']",True,0.69,True,True
INF091,Jonatan Christie,Instagram,65,"['Sports','Athlete','Motivation']",Generasi Z,Laki-laki,Menengah ke atas,"['Sporty','Disiplin']","['Energetic','Inspiring']",Achievement,True,Positive,True,"['Badminton','Olimpiade']",True,0.43,True,True
INF092,Kevin Sanjaya,Instagram,81,"['Sports','Athlete','Motivation']",Generasi Z,Laki-laki,Menengah ke atas,"['Sporty','Disiplin']","['Energetic','Inspiring']",Achievement,True,Positive,True,"['Badminton','Olimpiade']",True,0.57,True,True
INF093,Marcus Gideon,Instagram,73,"['Sports','Athlete','Motivation']",Generasi Z,Laki-laki,Menengah ke atas,"['Sporty','Disiplin']","['Energetic','Inspiring']",Achievement,True,Positive,True,"['Badminton','Olimpiade']",True,0.6,True,True
INF094,Rizki Amelia,Instagram,66,"['Sports','Athlete','Motivation']",Generasi Milenial,Perempuan,Menengah ke atas,"['Sporty','Disiplin']","['Energetic','Inspiring']",Achievement,True,Positive,True,"['Badminton','Olimpiade']",True,0.33,True,True
INF095,Eko Yuli Irawan,Instagram,70,"['Sports','Athlete','Motivation']",Generasi Milenial,Laki-laki,Menengah ke atas,"['Sporty','Disiplin']","['Energetic','Inspiring']",Achievement,True,Positive,True,"['Angkat Besi','Olimpiade']",True,0.41,True,True
INF096,Diananda Choirunisa,Instagram,64,"['Sports','Athlete','Motivation']",Generasi Z,Perempuan,Menengah ke atas,"['Sporty','Disiplin']","['Energetic','Inspiring']",Achievement,True,Positive,True,"['Panahan','Olimpiade']",True,0.25,True,True
INF097,Indra Sjafri,Instagram,70,"['Sports','Coach','Motivation']",Generasi X,Laki-laki,Menengah ke atas,"['Sporty','Leader']","['Inspiring','Disiplin']",Leadership,True,Positive,True,"['Pelatih','Sepakbola']",True,0.22,True,True
INF098,Wahyu Nayaka,Instagram,65,"['Sports','Athlete','Motivation']",Generasi Milenial,Laki-laki,Menengah ke atas,"['Sporty','Disiplin']","['Energetic','Inspiring']",Achievement,True,Positive,True,"['Badminton','Olimpiade']",True,0.87,True,True
INF099,Ahsan Hendra,Instagram,61,"['Sports','Athlete','Motivation']",Generasi Milenial,Laki-laki,Menengah ke atas,"['Sporty','Disiplin']","['Energetic','Inspiring']",Achievement,True,Positive,True,"['Badminton','Olimpiade']",True,0.44,True,True
INF100,Aprilia Manganang,Instagram,78,"['Sports','Athlete','Motivation']",Generasi Milenial,Perempuan,Menengah ke atas,"['Sporty','Disiplin']","['Energetic','Inspiring']",Achievement,True,Positive,True,"['Voli','Olimpiade']",True,0.24,True,True
INF101,Zohri Lalu,Instagram,81,"['Sports','Athlete','Motivation']",Generasi Z,Laki-laki,Menengah ke atas,"['Sporty','Disiplin']","['Energetic','Inspiring']",Achievement,True,Positive,True,"['Atletik','Olimpiade']",True,0.68,True,True
INF102,Bryan Domani,Instagram,64,"['Sports','Athlete','Motivation']",Generasi Z,Laki-laki,Menengah ke atas,"['Sporty','Modern']","['Energetic','Friendly']",Achievement,True,Positive,True,"['Aktor','Olahraga']",True,0.64,True,False
INF103,Yasa Singgih,Instagram,62,"['Business','Entrepreneur','Finance']",Generasi Milenial,Laki-laki,Menengah ke atas,"['Entrepreneur','Modern']","['Ambitious','Smart']",Innovation,True,Positive,True,"['Bisnis','Startup']",True,0.75,True,True
INF105,Andhika Diskartes,Instagram,81,"['Business','Finance','Education']",Generasi Milenial,Laki-laki,Menengah ke atas,"['Entrepreneur','Modern']","['Smart','Analytical']",Knowledge,True,Positive,True,"['Finansial','Edukasi']",True,0.27,True,True
INF106,Raden Rauf,Instagram,63,"['Business','Entrepreneur','Motivation']",Generasi Milenial,Laki-laki,Menengah ke atas,"['Entrepreneur','Modern']","['Ambitious','Inspiring']",Empowerment,True,Positive,True,"['Bisnis','Motivator']",True,0.27,True,True
INF107,Sandy Firmansyah,Instagram,71,"['Business','Entrepreneur','Finance']",Generasi Milenial,Laki-laki,Menengah ke atas,"['Entrepreneur','Modern']","['Smart','Ambitious']",Innovation,True,Positive,True,"['Bisnis','Startup']",True,0.38,True,True
INF108,Jouska,Instagram,75,"['Business','Finance','Education']",Generasi Milenial,Laki-laki,Menengah ke atas,"['Entrepreneur','Modern']","['Smart','Analytical']",Knowledge,True,Positive,True,"['Finansial','Edukasi']",True,0.89,True,True
INF109,Fellexandro Ruby,Instagram,79,"['Business','Entrepreneur','Motivation']",Generasi Milenial,Laki-laki,Menengah ke atas,"['Entrepreneur','Modern']","['Ambitious','Inspiring']",Empowerment,True,Positive,True,"['Bisnis','Motivator']",True,0.43,True,True
INF110,Denny Santoso,Instagram,70,"['Business','Entrepreneur','Motivation']",Generasi Milenial,Laki-laki,Menengah ke atas,"['Entrepreneur','Modern']","['Ambitious','Inspiring']",Empowerment,True,Positive,True,"['Bisnis','Motivator']",True,0.88,True,True
INF111,Vincent Raditya,YouTube,79,"['Business','Aviation','Motivation']",Generasi Milenial,Laki-laki,Menengah ke atas,"['Modern','Aviation']","['Ambitious','Inspiring']",Empowerment,True,Positive,True,"['Pilot','Motivator']",True,0.37,True,True
INF112,Christian Sugiono,Instagram,75,"['Business','Entrepreneur','Tech']",Generasi Milenial,Laki-laki,Menengah ke atas,"['Entrepreneur','Modern']","['Smart','Ambitious']",Innovation,True,Positive,True,"['Startup','Teknologi']",True,0.21,True,True
INF113,Hanifa Ambadar,Instagram,83,"['Business','Entrepreneur','Motivation']",Generasi Milenial,Perempuan,Menengah ke atas,"['Entrepreneur','Modern']","['Ambitious','Inspiring']",Empowerment,True,Positive,True,"['Bisnis','Motivator']",True,0.81,True,True
INF117,Rendy Saputra,Instagram,63,"['Business','Entrepreneur','Motivation']",Generasi Milenial,Laki-laki,Menengah ke atas,"['Entrepreneur','Modern']","['Ambitious','Inspiring']",Empowerment,True,Positive,True,"['Bisnis','Motivator']",True,0.9,True,True
INF118,Agung Hapsah,YouTube,77,"['Business','Tech','Content Creator']",Generasi Z,Laki-laki,Menengah ke atas,"['Modern','Tech']","['Creative','Smart']",Innovation,True,Positive,True,"['Teknologi','YouTuber']",True,0.6,True,True
INF119,Irfan Amalee,Instagram,65,"['Business','Education','Motivation']",Generasi Milenial,Laki-laki,Menengah ke atas,"['Entrepreneur','Modern']","['Smart','Inspiring']",Empowerment,True,Positive,True,"['Edukasi','Motivator']",True,0.35,True,True
INF120,Sibungbung,Instagram,61,"['Culinary','Food','Creator']",Generasi Milenial,Laki-laki,Menengah ke atas,"['Modern','Culinary']","['Creative','Friendly']",Creativity,True,Positive,False,"['Kuliner','Foodblogger']",False,0.84,True,False
INF121,Nana Koot,Instagram,66,"['Culinary','Food','Creator']",Generasi Milenial,Perempuan,Menengah ke atas,"['Modern','Culinary']","['Creative','Friendly']",Creativity,True,Positive,False,"['Kuliner','Foodblogger']",False,0.29,True,False
INF122,Vindy Lee,Instagram,82,"['Culinary','Food','Chef']",Generasi Milenial,Perempuan,Menengah ke atas,"['Modern','Culinary']","['Creative','Talented']",Creativity,True,Positive,True,"['Chef','Kuliner']",True,0.84,True,True
INF123,Chef Arnold,Instagram,81,"['Culinary','Food','Chef']",Generasi Milenial,Laki-laki,Menengah ke atas,"['Modern','Culinary']","['Creative','Talented']",Creativity,True,Positive,True,"['Chef','Kuliner']",True,0.61,True,True
INF124,Farah Quinn,Instagram,81,"['Culinary','Food','Chef']",Generasi Milenial,Perempuan,Menengah ke atas,"['Modern','Culinary']","['Creative','Talented']",Creativity,True,Positive,True,"['Chef','Kuliner']",True,0.22,True,True
INF125,William Gozali,Instagram,78,"['Culinary','Food','Chef']",Generasi Milenial,Laki-laki,Menengah ke atas,"['Modern','Culinary']","['Creative','Talented']",Creativity,True,Positive,True,"['Chef','Kuliner']",True,0.25,True,True
INF126,Chandra Yudasswara,Instagram,82,"['Culinary','Food','Chef']",Generasi X,Laki-laki,Menengah ke atas,"['Modern','Culinary']","['Creative','Talented']",Creativity,True,Positive,True,"['Chef','Kuliner']",True,0.33,True,True
INF127,Devina Hermawan,Instagram,61,"['Culinary','Food','Chef']",Generasi Milenial,Perempuan,Menengah ke atas,"['Modern','Culinary']","['Creative','Talented']",Creativity,True,Positive,True,"['Chef','Kuliner']",True,0.85,True,True
INF130,Yuda Bustara,Instagram,72,"['Culinary','Food','Chef']",Generasi Milenial,Laki-laki,Menengah ke atas,"['Modern','Culinary']","['Creative','Talented']",Creativity,True,Positive,True,"['Chef','Kuliner']",True,0.49,True,True
INF133,Tasya Farasya,YouTube,74,"['Beauty','Fashion','Lifestyle']",Generasi Milenial,Perempuan,Menengah ke atas,"['Modern','Culinary']","['Creative','Friendly']",Creativity,True,Positive,False,"['Kuliner','Foodblogger']",False,0.5,True,False
INF135,Bara Pattiradjawane,Instagram,61,"['Culinary','Food','Chef']",Generasi X,Laki-laki,Menengah ke atas,"['Modern','Culinary']","['Creative','Talented']",Creativity,True,Positive,True,"['Chef','Kuliner']",True,0.43,True,True
INF136,My Fun FooDiary,Instagram,66,"['Culinary','Food','Creator']",Generasi Milenial,Perempuan,Menengah ke atas,"['Modern','Culinary']","['Creative','Friendly']",Creativity,True,Positive,False,"['Kuliner','Foodblogger']",False,0.73,True,False
INF140,Kadek Arini,Instagram,71,"['Travel','Adventure','Lifestyle']",Generasi Milenial,Perempuan,Menengah ke atas,"['Adventurous','Modern']","['Curious','Friendly']",Exploration,True,Positive,False,"['Travel','Explorer']",False,0.4,True,False
INF142,Vina Muliana,Instagram,66,"['Business','Entrepreneur','Motivation']",FALSE,,TRUE,FALSE,,,,,,,,0.76,,
INF143,Marischka Prudence,Instagram,77,"['Travel','Adventure','Lifestyle']",Generasi Milenial,Perempuan,Menengah ke atas,"['Adventurous','Modern']","['Curious','Friendly']",Exploration,True,Positive,False,"['Travel','Explorer']",False,0.9,True,False
INF144,Trinity Traveler,Instagram,63,"['Travel','Adventure','Lifestyle']",Generasi Milenial,Perempuan,Menengah ke atas,"['Adventurous','Modern']","['Curious','Friendly']",Exploration,True,Positive,False,"['Travel','Explorer']",False,0.86,True,False
INF145,Adrian Maulana,Instagram,83,"['Travel','Adventure','Lifestyle']",Generasi Milenial,Laki-laki,Menengah ke atas,"['Adventurous','Modern']","['Curious','Friendly']",Exploration,True,Positive,False,"['Travel','Explorer']",False,0.22,True,False
INF148,Backpacker Tampan,Instagram,66,"['Travel','Adventure','Lifestyle']",Generasi Milenial,Laki-laki,Menengah ke atas,"['Adventurous','Modern']","['Curious','Friendly']",Exploration,True,Positive,False,"['Travel','Explorer']",False,0.21,True,False
INF150,Mira Lesmana,Instagram,71,"['Media','Film','Writing']",Generasi X,Perempuan,Menengah ke atas,"['Adventurous','Modern']","['Curious','Friendly']",Exploration,True,Positive,False,"['Travel','Explorer']",False,0.32,True,False
INF152,Oki Setiana Dewi,Instagram,83,"['Religion','Spiritual','Leader']",Generasi Milenial,Perempuan,Menengah ke atas,"['Adventurous','Modern']","['Curious','Friendly']",Exploration,True,Positive,False,"['Travel','Explorer']",False,0.73,True,False
INF154,Jess no Limit,YouTube,69,"['Gaming','Esports','Content Creator']",Generasi Z,Laki-laki,Menengah ke atas,"['Modern','Competitive']","['Energetic','Strategic']",Achievement,True,Positive,True,"['Mobile Legends','Gamer']",True,0.32,True,True
INF155,Frost Diamond,YouTube,74,"['Gaming','Esports','Content Creator']",Generasi Z,Laki-laki,Menengah,"['Modern','Fun']","['Energetic','Creative']",Fun,True,Positive,False,"['Minecraft','Gamer']",False,0.8,True,False
INF156,MiawAug,YouTube,73,"['Gaming','Esports','Content Creator']",Generasi Z,Laki-laki,Menengah ke atas,"['Modern','Fun']","['Energetic','Creative']",Fun,True,Positive,False,"['YouTuber','Gamer']",False,0.71,True,False
INF157,Windah Basudara,YouTube,73,"['Gaming','Esports','Content Creator']",Generasi Z,Laki-laki,Menengah,"['Modern','Fun']","['Energetic','Creative']",Fun,True,Positive,False,"['Streamer','Gamer']",False,0.72,True,False
INF158,Jonathan Liandi,YouTube,73,"['Gaming','Esports','Content Creator']",Generasi Z,Laki-laki,Menengah ke atas,"['Modern','Competitive']","['Energetic','Strategic']",Achievement,True,Positive,True,"['Mobile Legends','Gamer']",True,0.82,True,True
INF159,BTR Zuxxy,YouTube,76,"['Gaming','Esports','Pro Player']",Generasi Z,Laki-laki,Menengah ke atas,"['Modern','Competitive']","['Strategic','Ambitious']",Achievement,True,Positive,True,"['PUBG','Pro Player']",True,0.21,True,True
INF160,EVOS Reza,YouTube,83,"['Gaming','Esports','Pro Player']",Generasi Z,Laki-laki,Menengah ke atas,"['Modern','Competitive']","['Strategic','Ambitious']",Achievement,True,Positive,True,"['Free Fire','Pro Player']",True,0.55,True,True
INF161,Donkey,YouTube,70,"['Gaming','Esports','Content Creator']",Generasi Z,Laki-laki,Menengah ke atas,"['Modern','Fun']","['Energetic','Creative']",Fun,True,Positive,False,"['Mobile Legends','Streamer']",False,0.59,True,False
INF164,Kayes,YouTube,76,"['Gaming','Esports','Content Creator']",Generasi Z,Perempuan,Menengah ke atas,"['Modern','Fun']","['Energetic','Creative']",Fun,True,Positive,False,"['Streamer','Gamer']",False,0.76,True,False
INF165,Xinn,YouTube,79,"['Gaming','Esports','Pro Player']",Generasi Z,Laki-laki,Menengah ke atas,"['Modern','Competitive']","['Strategic','Ambitious']",Achievement,True,Positive,True,"['Mobile Legends','Pro Player']",True,0.62,True,True
INF166,Oura Gaming,YouTube,82,"['Gaming','Esports','Content Creator']",Generasi Z,Laki-laki,Menengah ke atas,"['Modern','Fun']","['Energetic','Creative']",Fun,True,Positive,True,"['Mobile Legends','Streamer']",True,0.89,True,True
INF167,BTR Luxxy,YouTube,62,"['Gaming','Esports','Pro Player']",Generasi Z,Laki-laki,Menengah ke atas,"['Modern','Competitive']","['Strategic','Ambitious']",Achievement,True,Positive,True,"['PUBG','Pro Player']",True,0.22,True,True
INF168,Leokoce,YouTube,81,"['Gaming','Esports','Content Creator']",Generasi Z,Laki-laki,Menengah,"['Modern','Fun']","['Energetic','Creative']",Fun,True,Positive,False,"['Streamer','Gamer']",False,0.56,True,False
INF169,Sarah Viloid,YouTube,84,"['Gaming','Esports','Content Creator']",Generasi Z,Perempuan,Menengah ke atas,"['Modern','Fun']","['Energetic','Creative']",Fun,True,Positive,False,"['Streamer','Gamer']",False,0.85,True,False
INF170,Rekt,YouTube,75,"['Gaming','Esports','Pro Player']",Generasi Z,Laki-laki,Menengah ke atas,"['Modern','Competitive']","['Strategic','Ambitious']",Achievement,True,Positive,True,"['Mobile Legends','Pro Player']",True,0.37,True,True
INF171,Hanan Attaki,YouTube,68,"['Religion','Spiritual','Leader']",Generasi Milenial,Laki-laki,Menengah ke atas,"['Religious','Modern']","['Wise','Inspiring']",Faith,True,Positive,True,"['Ustadz','Dakwah']",True,0.34,True,True
INF172,Adi Hidayat,YouTube,78,"['Religion','Spiritual','Leader']",Generasi Milenial,Laki-laki,Menengah ke atas,"['Religious','Modern']","['Wise','Inspiring']",Faith,True,Positive,True,"['Ustadz','Dakwah']",True,0.69,True,True
INF173,Abdul Somad,YouTube,69,"['Religion','Spiritual','Leader']",Generasi X,Laki-laki,Menengah ke atas,"['Religious','Modern']","['Wise','Inspiring']",Faith,True,Positive,True,"['Ustadz','Dakwah']",True,0.46,True,True
INF174,Gus Baha,YouTube,81,"['Religion','Spiritual','Leader']",Generasi X,Laki-laki,Menengah ke atas,"['Religious','Traditional']","['Wise','Calm']",Wisdom,True,Positive,True,"['Ulama','Dakwah']",True,0.66,True,True
INF175,Yusuf Mansur,YouTube,79,"['Religion','Spiritual','Leader']",Generasi X,Laki-laki,Menengah ke atas,"['Religious','Modern']","['Wise','Inspiring']",Faith,True,Positive,True,"['Ustadz','Dakwah']",True,0.95,True,True
INF176,Salim A. Fillah,YouTube,68,"['Religion','Spiritual','Leader']",Generasi Milenial,Laki-laki,Menengah ke atas,"['Religious','Modern']","['Wise','Inspiring']",Faith,True,Positive,True,"['Ustadz','Dakwah']",True,0.87,True,True
INF177,Habib Jindan,YouTube,62,"['Religion','Spiritual','Leader']",Generasi Milenial,Laki-laki,Menengah ke atas,"['Religious','Traditional']","['Wise','Calm']",Wisdom,True,Positive,True,"['Habib','Dakwah']",True,0.47,True,True
INF178,Habib Novel Alaydrus,YouTube,72,"['Religion','Spiritual','Leader']",Generasi Milenial,Laki-laki,Menengah ke atas,"['Religious','Traditional']","['Wise','Calm']",Wisdom,True,Positive,True,"['Habib','Dakwah']",True,0.84,True,True
INF179,Buya Yahya,YouTube,67,"['Religion','Spiritual','Leader']",Generasi X,Laki-laki,Menengah ke atas,"['Religious','Traditional']","['Wise','Calm']",Wisdom,True,Positive,True,"['Ulama','Dakwah']",True,0.24,True,True
INF180,Habib Rizieq,YouTube,60,"['Religion','Spiritual','Leader']",Generasi X,Laki-laki,Menengah ke atas,"['Religious','Traditional']","['Wise','Inspiring']",Faith,True,Positive,True,"['Habib','Dakwah']",True,0.41,True,True
INF181,KH. Cholil Nafis,YouTube,78,"['Religion','Spiritual','Leader']",Generasi X,Laki-laki,Menengah ke atas,"['Religious','Modern']","['Wise','Inspiring']",Faith,True,Positive,True,"['Ulama','Dakwah']",True,0.35,True,True
INF182,Hilman Fauzi,YouTube,83,"['Religion','Spiritual','Leader']",Generasi Milenial,Laki-laki,Menengah ke atas,"['Religious','Modern']","['Wise','Inspiring']",Faith,True,Positive,True,"['Ustadz','Dakwah']",True,0.31,True,True
INF183,Syafiq Riza Basalamah,YouTube,81,"['Religion','Spiritual','Leader']",Generasi X,Laki-laki,Menengah ke atas,"['Religious','Modern']","['Wise','Inspiring']",Faith,True,Positive,True,"['Ustadz','Dakwah']",True,0.82,True,True
INF188,Ernest Prakasa,Instagram,67,"['Media','Comedy','Writing']",Generasi Milenial,Laki-laki,Menengah ke atas,"['Modern','Creative']","['Humorous','Critical']",Creativity,True,Positive,True,"['Komika','Penulis']",True,0.65,True,True
INF189,Joko Anwar,Instagram,83,"['Media','Film','Writing']",Generasi Milenial,Laki-laki,Menengah ke atas,"['Modern','Creative']","['Creative','Critical']",Creativity,True,Positive,True,"['Sutradara','Penulis']",True,0.58,True,True
INF191,Dandhy Laksono,Instagram,61,"['Media','Journalism','Documentary']",Generasi Milenial,Laki-laki,Menengah ke atas,"['Modern','Intellectual']","['Critical','Informative']",Knowledge,True,Positive,True,"['Jurnalis','Dokumenter']",True,0.74,True,True
INF192,Gina S. Noer,Instagram,82,"['Media','Film','Writing']",Generasi Milenial,Perempuan,Menengah ke atas,"['Modern','Creative']","['Creative','Critical']",Creativity,True,Positive,True,"['Penulis','Sutradara']",True,0.35,True,True
INF193,Remy Sylado,Instagram,81,"['Media','Writing','Literature']",Generasi X,Laki-laki,Menengah ke atas,"['Intellectual','Creative']","['Critical','Creative']",Wisdom,True,Positive,True,"['Sastrawan','Penulis']",True,0.44,True,True
INF194,Andrea Hirata,Instagram,68,"['Media','Writing','Literature']",Generasi X,Laki-laki,Menengah ke atas,"['Intellectual','Creative']","['Critical','Creative']",Wisdom,True,Positive,True,"['Sastrawan','Penulis']",True,0.81,True,True
INF195,Leila S. Chudori,Instagram,70,"['Media','Writing','Literature']",Generasi X,Perempuan,Menengah ke atas,"['Intellectual','Creative']","['Critical','Creative']",Wisdom,True,Positive,True,"['Sastrawan','Penulis']",True,0.8,True,True
INF196,Seno Gumira Ajidarma,Instagram,78,"['Media','Writing','Literature']",Generasi X,Laki-laki,Menengah ke atas,"['Intellectual','Creative']","['Critical','Creative']",Wisdom,True,Positive,True,"['Sastrawan','Penulis']",True,0.33,True,True
INF197,Wira Nagara,Instagram,60,"['Media','Writing','Literature']",Generasi Milenial,Laki-laki,Menengah ke atas,"['Intellectual','Creative']","['Critical','Creative']",Wisdom,True,Positive,True,"['Sastrawan','Penulis']",True,0.79,True,True
INF198,Pandji Pragiwaksono,Instagram,68,"['Media','Comedy','Writing']",Generasi Milenial,Laki-laki,Menengah ke atas,"['Modern','Creative']","['Humorous','Critical']",Creativity,True,Positive,True,"['Komika','Penulis']",True,0.75,True,True
INF199,Windy Ariestanty,Instagram,70,"['Media','Writing','Literature']",Generasi Milenial,Perempuan,Menengah ke atas,"['Intellectual','Creative']","['Critical','Creative']",Wisdom,True,Positive,True,"['Sastrawan','Penulis']",True,0.23,True,True
INF200,Intan Paramaditha,Instagram,62,"['Media','Writing','Literature']",Generasi Milenial,Perempuan,Menengah ke atas,"['Intellectual','Creative']","['Critical','Creative']",Wisdom,True,Positive,True,"['Sastrawan','Penulis']",True,0.65,True,True
INF201,Merry Riana,Instagram,77,"['Media','Motivation','Writing']",Generasi Milenial,Perempuan,Menengah ke atas,"['Modern','Motivational']","['Inspiring','Smart']",Empowerment,True,Positive,True,"['Motivator','Penulis']",True,0.79,True,True
