influencer_id,name,platform_primary,platform_primary_score,persona,demography_usia,demography_gender,demography_income,psychography_lifestyle,psychography_personality,psychography_main_value,trending_status,likeability_sentiment,campaign_success_signif,similarity_tags,has_relevant_history,random_endorse_rate,behavior_consistency,expertise,follower_instagram,engagement_rate,avg_reels_views_5,avg_likes_5,avg_comments_5
INF001,Ayu Tingting,Instagram,83,"['Entertainment','Music','Lifestyle']",Generasi Milenial,Perempuan,Menengah,"['Glamour','Modern']","['Energetic','Expressive']",Fun,True,Positive,False,"['Dangdut','Artis'] ",False,0.36,False,False,25000000,0.025,5000000,437500,187500
INF002,Atta Halilintar,YouTube,90,"['Entertainment','Vlog','Family']",Generasi Z,Laki-laki,Menengah ke atas,"['Modern','Entrepreneur']","['Energetic','Ambitious']",Inspiring,True,Positive,False,"['Gen Halilintar','Vlogger']",False,0.68,False,False,0,0,0,0,0
INF003,Prilly Latuconsina,Instagram,85,"['Entertainment','Acting','Lifestyle']",Generasi Z,Perempuan,Menengah ke atas,"['Modern','Glamour']","['Expressive','Friendly']",Passion,True,Positive,False,"['Sinetron','Aktris']",False,0.48,False,False,12000000,0.028,2400000,235200,100800
INF004,Raditya Dika,YouTube,88,"['Comedy','Writing','Lifestyle']",Generasi Milenial,Laki-laki,Menengah ke atas,"['Simple','Modern']","['Humorous','Creative']",Creativity,True,Positive,False,"['Standup','Penulis']",False,0.48,True,False,0,0,0,0,0
INF005,Iqbaal Ramadhan,Instagram,80,"['Music','Acting','Youth']",Generasi Z,Laki-laki,Menengah,"['Modern','Youthful']","['Friendly','Talented']",Youthfulness,True,Positive,False,"['CJR','Musisi']",False,0.53,False,False,10000000,0.03,3000000,210000,90000
INF006,Michelle Ziudith,Instagram,74,"['Acting','Lifestyle','Travel']",Generasi Z,Perempuan,Menengah ke atas,"['Modern','Travel']","['Friendly','Adventurous']",Passion,False,Positive,False,"['Aktris','Traveler']",False,0.88,False,False,9000000,0.035,3150000,315000,135000
INF007,Chelsea Olivia,Instagram,75,"['Acting','Family','Lifestyle']",Generasi Milenial,Perempuan,Menengah ke atas,"['Family','Modern']","['Caring','Friendly']",Family,False,Positive,False,"['Aktris','Ibu']",False,0.35,False,False,8500000,0.022,1870000,183500,76500
INF008,Dinda Hauw,Instagram,73,"['Acting','Family','Lifestyle']",Generasi Z,Perempuan,Menengah,"['Family','Modern']","['Caring','Friendly']",Family,False,Positive,False,"['Aktris','Ibu']",False,0.41,False,False,8000000,0.027,2160000,216000,86400
INF009,Lyodra Ginting,Instagram,78,"['Music','Entertainment','Youth']",Generasi Z,Perempuan,Menengah,"['Modern','Youthful']","['Talented','Expressive']",Talent,False,Positive,False,"['Idol','Musisi']",False,0.28,False,False,9500000,0.018,1710000,171000,72900
INF010,Gisella Anastasia,Instagram,72,"['Entertainment','Music','Family']",Generasi Milenial,Perempuan,Menengah ke atas,"['Family','Modern']","['Expressive','Friendly']",Family,False,Positive,False,"['Artis','Ibu']",False,0.22,False,False,7000000,0.02,1400000,140000,60000
INF011,Natasha Wilona,Instagram,77,"['Acting','Lifestyle','Beauty']",Generasi Z,Perempuan,Menengah ke atas,"['Modern','Beauty']","['Friendly','Talented']",Beauty,False,Positive,False,"['Aktris','Beauty']",False,0.32,False,False,11000000,0.026,2860000,286000,122000
INF012,Ariel Noah,Instagram,92,"['Music','Entertainment','Lifestyle']",Generasi Milenial,Laki-laki,Menengah ke atas,"['Modern','Music']","['Talented','Cool']",Talent,True,Positive,False,"['Noah','Musisi']",False,0.94,False,False,13000000,0.04,5200000,520000,220000
INF013,Cinta Laura,Instagram,69,"['Acting','Music','Education']",Generasi Milenial,Perempuan,Menengah ke atas,"['Modern','Education']","['Talented','Smart']",Empowerment,False,Positive,False,"['Aktris','Pendidikan']",False,0.72,False,False,11500000,0.033,3795000,379500,161500
INF014,Felicya Angelista,Instagram,61,"['Acting','Entrepreneur','Family']",Generasi Milenial,Perempuan,Menengah ke atas,"['Family','Entrepreneur']","['Caring','Ambitious']",Family,False,Positive,False,"['Aktris','Bisnis']",False,0.88,False,False,10500000,0.038,3990000,399000,171000
INF015,Indra Bekti,Instagram,69,"['Entertainment','MC','Comedy']",Generasi X,Laki-laki,Menengah,"['Modern','Simple']","['Humorous','Friendly']",Fun,False,Positive,False,"['MC','Presenter']",False,0.53,False,False,950000,0.045,171000,29925,12825
INF016,Rizky Febian,Instagram,82,"['Music','Entertainment','Youth']",Generasi Z,Laki-laki,Menengah,"['Modern','Youthful']","['Talented','Friendly']",Talent,True,Positive,False,"['Musisi','Idol']",False,0.42,False,False,8500000,0.025,1700000,148750,63750
INF017,Tasya Kamila,Instagram,76,"['Entertainment','Education','Family']",Generasi Milenial,Perempuan,Menengah ke atas,"['Family','Education']","['Smart','Friendly']",Empowerment,False,Positive,False,"['Aktris','Pendidikan']",False,0.35,False,False,4000000,0.032,1040000,89600,38400
INF018,Alexa Belvana,Instagram,73,"['Beauty','Fashion','Lifestyle']",Generasi Z,Perempuan,Menengah ke atas,"['Modern','Trendy']","['Stylish','Confident']",Elegance,False,Positive,False,"['Beauty','Fashion']",False,0.61,True,True,1800000,0.055,324000,69300,29700
INF019,Ayla Dimitri,Instagram,84,"['Beauty','Fashion','Lifestyle']",Generasi Milenial,Perempuan,Menengah ke atas,"['Modern','Trendy']","['Creative','Confident']",Creativity,True,Positive,False,"['Fashion','Influencer']",False,0.81,True,True,3500000,0.029,805000,71150,30550
INF020,Valerie Pola,Instagram,71,"['Beauty','Fashion','Lifestyle']",Generasi Z,Perempuan,Menengah ke atas,"['Modern','Trendy']","['Stylish','Friendly']",Elegance,False,Positive,False,"['Beauty','Fashion']",False,0.27,True,True,1200000,0.06,168000,50400,21600
INF021,Sarah Gabriella Tumiwa,Instagram,77,"['Beauty','Fashion','Lifestyle']",Generasi Z,Perempuan,Menengah ke atas,"['Modern','Trendy']","['Confident','Friendly']",Confidence,False,Positive,False,"['Fashion','Model']",False,0.27,True,True,2200000,0.045,484000,69300,29700
INF022,Tiffany Regina,Instagram,79,"['Beauty','Fashion','Lifestyle']",Generasi Milenial,Perempuan,Menengah ke atas,"['Modern','Trendy']","['Stylish','Creative']",Elegance,False,Positive,False,"['Beauty','Fashion']",False,0.61,True,True,2500000,0.041,575000,71750,30750
INF023,Vili Su,Instagram,82,"['Beauty','Fashion','Lifestyle']",Generasi Z,Perempuan,Menengah ke atas,"['Modern','Trendy']","['Confident','Creative']",Creativity,True,Positive,False,"['Fashion','Influencer']",False,0.32,True,True,3200000,0.038,704000,85120,36480
INF024,Claradevi,Instagram,66,"['Beauty','Fashion','Lifestyle']",Generasi Milenial,Perempuan,Menengah ke atas,"['Modern','Trendy']","['Stylish','Friendly']",Elegance,False,Positive,False,"['Beauty','Fashion']",False,0.43,True,True,1000000,0.065,130000,45500,19500
INF025,Yumi Kwandy,Instagram,78,"['Beauty','Fashion','Lifestyle']",Generasi Z,Perempuan,Menengah ke atas,"['Modern','Trendy']","['Confident','Creative']",Creativity,False,Positive,False,"['Fashion','Influencer']",False,0.94,True,True,2100000,0.052,420000,76440,32760
INF026,Fadhilah Razak,Instagram,76,"['Beauty','Fashion','Lifestyle']",Generasi Milenial,Perempuan,Menengah ke atas,"['Modern','Trendy']","['Stylish','Friendly']",Elegance,False,Positive,False,"['Beauty','Fashion']",False,0.52,True,True,1700000,0.048,357000,57120,24480
INF027,Jessica Charis,Instagram,69,"['Beauty','Fashion','Lifestyle']",Generasi Z,Perempuan,Menengah ke atas,"['Modern','Trendy']","['Confident','Creative']",Creativity,False,Positive,False,"['Fashion','Influencer']",False,0.78,True,True,1200000,0.061,183600,51240,21960
INF028,Evelyn Ramli,Instagram,79,"['Beauty','Fashion','Lifestyle']",Generasi Milenial,Perempuan,Menengah ke atas,"['Modern','Trendy']","['Stylish','Friendly']",Elegance,False,Positive,False,"['Beauty','Fashion']",False,0.75,True,True,1600000,0.054,352000,60480,25920
INF029,Aurel Oriana,Instagram,76,"['Beauty','Fashion','Lifestyle']",Generasi Z,Perempuan,Menengah ke atas,"['Modern','Trendy']","['Stylish','Confident']",Elegance,False,Positive,False,"['Beauty','Fashion']",False,0.47,True,True,1300000,0.057,221000,51870,22230
INF030,Angel Tamara,Instagram,73,"['Beauty','Fashion','Lifestyle']",Generasi Milenial,Perempuan,Menengah ke atas,"['Modern','Trendy']","['Creative','Confident']",Creativity,False,Positive,False,"['Fashion','Influencer']",False,0.77,True,True,1100000,0.059,187000,45430,19470
INF031,Calista Cherrie,Instagram,80,"['Beauty','Fashion','Lifestyle']",Generasi Z,Perempuan,Menengah ke atas,"['Modern','Trendy']","['Stylish','Friendly']",Elegance,True,Positive,False,"['Beauty','Fashion']",False,0.93,True,True,2000000,0.053,380000,74200,31800
INF032,Shalfa Putri Raihan,Instagram,60,"['Beauty','Fashion','Lifestyle']",Generasi Z,Perempuan,Menengah ke atas,"['Modern','Trendy']","['Confident','Friendly']",Confidence,False,Positive,False,"['Fashion','Model']",False,0.94,True,True,900000,0.065,117000,40950,17550
INF033,Sarah Ayu,Instagram,68,"['Beauty','Fashion','Lifestyle']",Generasi Milenial,Perempuan,Menengah ke atas,"['Modern','Trendy']","['Stylish','Creative']",Elegance,False,Positive,False,"['Beauty','Fashion']",False,0.9,True,True,1000000,0.062,170000,43400,18600
INF034,Agustina Hermanto,Instagram,67,"['Beauty','Fashion','Lifestyle']",Generasi Z,Perempuan,Menengah ke atas,"['Modern','Trendy']","['Confident','Creative']",Creativity,False,Positive,False,"['Fashion','Influencer']",False,0.31,True,True,950000,0.058,152000,38570,16530
INF035,Najwa Shihab,YouTube,64,"['Education','Media','Public Expert']",Generasi X,Perempuan,Menengah ke atas,"['Intellectual','Modern']","['Smart','Critical']",Knowledge,False,Positive,True,"['Jurnalis','Narasi']",True,0.66,True,True,1200000,0.045,216000,37800,16200
INF036,Dewi Lestari,Instagram,76,"['Education','Writing','Public Expert']",Generasi X,Perempuan,Menengah ke atas,"['Intellectual','Creative']","['Smart','Creative']",Wisdom,False,Positive,True,"['Penulis','Musisi']",True,0.52,True,True,1300000,0.041,221000,37310,15990
INF037,Brian Febrian,Instagram,65,"['Education','Public Expert']",Generasi Milenial,Laki-laki,Menengah ke atas,"['Intellectual','Modern']","['Smart','Critical']",Knowledge,False,Positive,True,"['Pakar','Edukasi']",True,0.94,True,True,900000,0.062,135000,39060,16740
INF038,Najelaa Shihab,Instagram,73,"['Education','Public Expert']",Generasi X,Perempuan,Menengah ke atas,"['Intellectual','Modern']","['Smart','Caring']",Empowerment,False,Positive,True,"['Pendidikan','Aktivis']",True,0.69,True,True,1100000,0.059,187000,45430,19470
INF039,Gede Prama,Instagram,84,"['Education','Spiritual','Public Expert']",Generasi X,Laki-laki,Menengah ke atas,"['Spiritual','Simple']","['Wise','Calm']",Wisdom,False,Positive,True,"['Spiritual','Motivator']",True,0.41,True,True,1500000,0.048,255000,50400,21600
INF042,Gitasav,Instagram,77,"['Education','Public Expert','Motivation']",Generasi Milenial,Perempuan,Menengah ke atas,"['Modern','Motivational']","['Smart','Inspiring']",Empowerment,False,Positive,True,"['Motivator','Edukasi']",True,0.23,True,True,1200000,0.051,168000,42840,18360
INF043,Alya Nurshabrina,Instagram,78,"['Education','Public Expert','Motivation']",Generasi Milenial,Perempuan,Menengah ke atas,"['Modern','Motivational']","['Smart','Inspiring']",Empowerment,False,Positive,True,"['Motivator','Edukasi']",True,0.76,True,True,1300000,0.053,221000,48290,20610
INF044,Reza Aditya,Instagram,68,"['Education','Public Expert','Motivation']",Generasi Milenial,Laki-laki,Menengah ke atas,"['Modern','Motivational']","['Smart','Inspiring']",Empowerment,False,Positive,True,"['Motivator','Edukasi']",True,0.2,True,True,900000,0.057,135000,35910,15390
INF045,Felix Siauw,YouTube,82,"['Education','Religion','Public Expert']",Generasi X,Laki-laki,Menengah ke atas,"['Religious','Modern']","['Wise','Inspiring']",Faith,False,Positive,True,"['Ustadz','Motivator']",True,0.42,True,True,1800000,0.031,324000,39060,16740
INF046,Nadia Mulya,Instagram,67,"['Education','Public Expert','Parenting']",Generasi Milenial,Perempuan,Menengah ke atas,"['Modern','Family']","['Caring','Smart']",Family,False,Positive,True,"['Parenting','Edukasi']",True,0.31,True,True,950000,0.054,152000,35910,15390
INF047,Luna Vidya,Instagram,76,"['Education','Public Expert','Parenting']",Generasi Milenial,Perempuan,Menengah ke atas,"['Modern','Family']","['Caring','Smart']",Family,False,Positive,True,"['Parenting','Edukasi']",True,0.92,True,True,1200000,0.052,187000,43680,18720
INF048,Agustinus Wibowo,Instagram,61,"['Education','Writing','Public Expert']",Generasi Milenial,Laki-laki,Menengah ke atas,"['Intellectual','Creative']","['Smart','Creative']",Wisdom,False,Positive,True,"['Penulis','Travel']",True,0.24,True,True,900000,0.049,126000,30870,13230
INF053,Rara Sekar,Instagram,83,"['Activism','Social','Changemaker']",Generasi Milenial,Perempuan,Menengah ke atas,"['Modern','Social']","['Caring','Creative']",Empowerment,True,Positive,True,"['Aktivis','Musisi']",True,0.45,True,True,2100000,0.053,336000,77940,33460
INF055,Isyana Sarasvati,Instagram,62,"['Activism','Music','Changemaker']",Generasi Z,Perempuan,Menengah ke atas,"['Modern','Creative']","['Talented','Inspiring']",Creativity,True,Positive,True,"['Musisi','Aktivis']",True,0.85,True,True,1800000,0.057,306000,71820,30780
INF056,Vidi Aldiano,Instagram,70,"['Activism','Music','Changemaker']",Generasi Milenial,Laki-laki,Menengah ke atas,"['Modern','Creative']","['Talented','Friendly']",Empowerment,True,Positive,True,"['Musisi','Aktivis']",True,0.38,True,True,1600000,0.051,256000,57120,24480
INF061,Helga Angelina,Instagram,76,"['Activism','Social','Changemaker']",Generasi Milenial,Perempuan,Menengah ke atas,"['Modern','Eco-conscious']","['Caring','Inspiring']",Sustainability,True,Positive,True,"['Lingkungan','Vegan']",True,0.39,True,True,1200000,0.055,192000,46200,19800
INF062,Melati Wijsen,Instagram,80,"['Activism','Social','Changemaker']",Generasi Z,Perempuan,Menengah ke atas,"['Modern','Eco-conscious']","['Caring','Inspiring']",Sustainability,True,Positive,True,"['Lingkungan','Aktivis']",True,0.55,True,True,1300000,0.059,221000,53690,23010
INF065,Anindya Kusuma,Instagram,78,"['Activism','Social','Changemaker']",Generasi Milenial,Perempuan,Menengah ke atas,"['Modern','Social']","['Caring','Creative']",Empowerment,True,Positive,True,"['Aktivis','Influencer']",True,0.27,True,True,1100000,0.052,176000,40180,17220
INF067,Eva Bande,Instagram,60,"['Activism','Social','Changemaker']",Generasi X,Perempuan,Menengah ke atas,"['Modern','Social']","['Caring','Inspiring']",Justice,True,Positive,True,"['Aktivis','Lingkungan']",True,0.93,True,True,900000,0.061,135000,38430,16470
INF068,Zahra Muzdalifah,Instagram,74,"['Activism','Sports','Changemaker']",Generasi Z,Perempuan,Menengah ke atas,"['Modern','Sporty']","['Energetic','Inspiring']",Empowerment,True,Positive,True,"['Atlet','Aktivis']",True,0.24,True,True,950000,0.058,152000,38570,16530
INF069,Sarwendah,Instagram,63,"['Lifestyle','Family','Everyday']",Generasi Milenial,Perempuan,Menengah ke atas,"['Family','Modern']","['Caring','Friendly']",Family,False,Positive,False,"['Ibu','Selebriti']",False,0.81,True,False,1200000,0.049,168000,41160,17640
INF070,Cut Meyriska,Instagram,62,"['Lifestyle','Family','Everyday']",Generasi Milenial,Perempuan,Menengah ke atas,"['Family','Modern']","['Caring','Friendly']",Family,False,Positive,False,"['Aktris','Ibu']",False,0.6,True,False,1100000,0.052,176000,40040,17160
INF072,Danu Alqamara,Instagram,63,"['Lifestyle','Family','Everyday']",Generasi Milenial,Laki-laki,Menengah,"['Family','Simple']","['Friendly','Caring']",Family,False,Positive,False,"['Ayah','Influencer']",False,0.79,True,False,900000,0.057,135000,35910,15390
INF074,Donna Harun,Instagram,69,"['Lifestyle','Family','Everyday']",Generasi X,Perempuan,Menengah ke atas,"['Family','Modern']","['Caring','Elegant']",Family,False,Positive,False,"['Aktris','Ibu']",False,0.2,True,False,950000,0.054,152000,35910,15390
INF075,Rian Fahardhi,Instagram,78,"['Lifestyle','Family','Everyday']",Generasi Milenial,Laki-laki,Menengah,"['Simple','Modern']","['Friendly','Caring']",Fun,False,Positive,False,"['Influencer','Daily']",False,0.4,True,False,900000,0.058,135000,36540,15660
INF076,Nona Berlian Sakina,Instagram,77,"['Lifestyle','Family','Everyday']",Generasi Milenial,Perempuan,Menengah,"['Family','Simple']","['Caring','Friendly']",Family,False,Positive,False,"['Ibu','Influencer']",False,0.23,True,False,900000,0.059,135000,37230,15970
INF078,Henjiwong,Instagram,61,"['Culinary','Lifestyle','Everyday']",Generasi Milenial,Laki-laki,Menengah ke atas,"['Modern','Culinary']","['Creative','Friendly']",Creativity,True,Positive,False,"['Kuliner','Chef']",False,0.91,True,False,950000,0.061,152000,40570,17330
INF080,Anakjajan,Instagram,79,"['Culinary','Lifestyle','Everyday']",Generasi Milenial,Perempuan,Menengah ke atas,"['Modern','Culinary']","['Creative','Friendly']",Creativity,True,Positive,False,"['Kuliner','Foodblogger']",False,0.27,True,False,1100000,0.052,176000,40040,17160
INF081,Kuliner Koko,Instagram,82,"['Culinary','Lifestyle','Everyday']",Generasi Milenial,Laki-laki,Menengah,"['Modern','Culinary']","['Friendly','Creative']",Creativity,True,Positive,False,"['Kuliner','Foodblogger']",False,0.88,True,False,900000,0.058,135000,36540,15660
INF082,Susan Theresia,Instagram,79,"['Culinary','Lifestyle','Everyday']",Generasi Milenial,Perempuan,Menengah ke atas,"['Modern','Culinary']","['Creative','Friendly']",Creativity,True,Positive,False,"['Kuliner','Foodblogger']",False,0.84,True,False,950000,0.057,152000,35910,15390
INF083,Agakenyang,Instagram,65,"['Culinary','Lifestyle','Everyday']",Generasi Milenial,Laki-laki,Menengah,"['Modern','Culinary']","['Friendly','Creative']",Creativity,True,Positive,False,"['Kuliner','Foodblogger']",False,0.37,True,False,900000,0.059,135000,37230,15970
INF084,Ayoe Widya,Instagram,66,"['Culinary','Lifestyle','Everyday']",Generasi Milenial,Perempuan,Menengah,"['Modern','Culinary']","['Creative','Friendly']",Creativity,True,Positive,False,"['Kuliner','Foodblogger']",False,0.88,True,False,950000,0.061,152000,40570,17330
INF085,Syifa Hadju,Instagram,73,"['Lifestyle','Beauty','Everyday']",Generasi Z,Perempuan,Menengah ke atas,"['Modern','Beauty']","['Friendly','Stylish']",Beauty,False,Positive,False,"['Aktris','Beauty']",False,0.78,True,False,1100000,0.052,176000,40040,17160
INF086,Greysia Polii,Instagram,84,"['Sports','Athlete','Motivation']",Generasi Milenial,Perempuan,Menengah ke atas,"['Sporty','Disiplin']","['Energetic','Inspiring']",Achievement,True,Positive,True,"['Badminton','Olimpiade']",True,0.29,True,True,1200000,0.049,168000,41160,17640
INF087,Apriyani Rahayu,Instagram,66,"['Sports','Athlete','Motivation']",Generasi Z,Perempuan,Menengah ke atas,"['Sporty','Disiplin']","['Energetic','Inspiring']",Achievement,True,Positive,True,"['Badminton','Olimpiade']",True,0.91,True,True,900000,0.061,135000,38430,16470
INF088,Liliyana Natsir,Instagram,83,"['Sports','Athlete','Motivation']",Generasi Milenial,Perempuan,Menengah ke atas,"['Sporty','Disiplin']","['Energetic','Inspiring']",Achievement,True,Positive,True,"['Badminton','Olimpiade']",True,0.23,True,True,950000,0.058,152000,38570,16530
INF089,Rio Haryanto,Instagram,72,"['Sports','Athlete','Motivation']",Generasi Milenial,Laki-laki,Menengah ke atas,"['Sporty','Modern']","['Energetic','Ambitious']",Achievement,True,Positive,True,"['F1','Balap']",True,0.53,True,True,1100000,0.052,176000,40040,17160
INF090,Anthony Ginting,Instagram,62,"['Sports','Athlete','Motivation']",Generasi Z,Laki-laki,Menengah ke atas,"['Sporty','Disiplin']","['Energetic','Inspiring']",Achievement,True,Positive,True,"['Badminton','Olimpiade']",True,0.69,True,True,900000,0.059,135000,37230,15970
INF091,Jonatan Christie,Instagram,65,"['Sports','Athlete','Motivation']",Generasi Z,Laki-laki,Menengah ke atas,"['Sporty','Disiplin']","['Energetic','Inspiring']",Achievement,True,Positive,True,"['Badminton','Olimpiade']",True,0.43,True,True,950000,0.061,152000,40570,17330
INF092,Kevin Sanjaya,Instagram,81,"['Sports','Athlete','Motivation']",Generasi Z,Laki-laki,Menengah ke atas,"['Sporty','Disiplin']","['Energetic','Inspiring']",Achievement,True,Positive,True,"['Badminton','Olimpiade']",True,0.57,True,True,1100000,0.052,176000,40040,17160
INF093,Marcus Gideon,Instagram,73,"['Sports','Athlete','Motivation']",Generasi Z,Laki-laki,Menengah ke atas,"['Sporty','Disiplin']","['Energetic','Inspiring']",Achievement,True,Positive,True,"['Badminton','Olimpiade']",True,0.6,True,True,900000,0.059,135000,37230,15970
INF094,Rizki Amelia,Instagram,66,"['Sports','Athlete','Motivation']",Generasi Milenial,Perempuan,Menengah ke atas,"['Sporty','Disiplin']","['Energetic','Inspiring']",Achievement,True,Positive,True,"['Badminton','Olimpiade']",True,0.33,True,True,950000,0.061,152000,40570,17330
INF095,Eko Yuli Irawan,Instagram,70,"['Sports','Athlete','Motivation']",Generasi Milenial,Laki-laki,Menengah ke atas,"['Sporty','Disiplin']","['Energetic','Inspiring']",Achievement,True,Positive,True,"['Angkat Besi','Olimpiade']",True,0.41,True,True,1100000,0.052,176000,40040,17160
INF096,Diananda Choirunisa,Instagram,64,"['Sports','Athlete','Motivation']",Generasi Z,Perempuan,Menengah ke atas,"['Sporty','Disiplin']","['Energetic','Inspiring']",Achievement,True,Positive,True,"['Panahan','Olimpiade']",True,0.25,True,True,900000,0.059,135000,37230,15970
INF097,Indra Sjafri,Instagram,70,"['Sports','Coach','Motivation']",Generasi X,Laki-laki,Menengah ke atas,"['Sporty','Leader']","['Inspiring','Disiplin']",Leadership,True,Positive,True,"['Pelatih','Sepakbola']",True,0.22,True,True,950000,0.061,152000,40570,17330
INF098,Wahyu Nayaka,Instagram,65,"['Sports','Athlete','Motivation']",Generasi Milenial,Laki-laki,Menengah ke atas,"['Sporty','Disiplin']","['Energetic','Inspiring']",Achievement,True,Positive,True,"['Badminton','Olimpiade']",True,0.87,True,True,900000,0.059,135000,37230,15970
INF099,Ahsan Hendra,Instagram,61,"['Sports','Athlete','Motivation']",Generasi Milenial,Laki-laki,Menengah ke atas,"['Sporty','Disiplin']","['Energetic','Inspiring']",Achievement,True,Positive,True,"['Badminton','Olimpiade']",True,0.44,True,True,900000,0.061,152000,40570,17330
INF100,Aprilia Manganang,Instagram,78,"['Sports','Athlete','Motivation']",Generasi Milenial,Perempuan,Menengah ke atas,"['Sporty','Disiplin']","['Energetic','Inspiring']",Achievement,True,Positive,True,"['Voli','Olimpiade']",True,0.24,True,True,900000,0.059,135000,37230,15970
INF101,Zohri Lalu,Instagram,81,"['Sports','Athlete','Motivation']",Generasi Z,Laki-laki,Menengah ke atas,"['Sporty','Disiplin']","['Energetic','Inspiring']",Achievement,True,Positive,True,"['Atletik','Olimpiade']",True,0.68,True,True,1100000,0.052,176000,40040,17160
INF102,Bryan Domani,Instagram,64,"['Sports','Athlete','Motivation']",Generasi Z,Laki-laki,Menengah ke atas,"['Sporty','Modern']","['Energetic','Friendly']",Achievement,True,Positive,True,"['Aktor','Olahraga']",True,0.64,True,False,900000,0.059,135000,37230,15970
INF103,Yasa Singgih,Instagram,62,"['Business','Entrepreneur','Finance']",Generasi Milenial,Laki-laki,Menengah ke atas,"['Entrepreneur','Modern']","['Ambitious','Smart']",Innovation,True,Positive,True,"['Bisnis','Startup']",True,0.75,True,True,950000,0.061,152000,40570,17330
INF105,Andhika Diskartes,Instagram,81,"['Business','Finance','Education']",Generasi Milenial,Laki-laki,Menengah ke atas,"['Entrepreneur','Modern']","['Smart','Analytical']",Knowledge,True,Positive,True,"['Finansial','Edukasi']",True,0.27,True,True,1100000,0.052,176000,40040,17160
INF106,Raden Rauf,Instagram,63,"['Business','Entrepreneur','Motivation']",Generasi Milenial,Laki-laki,Menengah ke atas,"['Entrepreneur','Modern']","['Ambitious','Inspiring']",Empowerment,True,Positive,True,"['Bisnis','Motivator']",True,0.27,True,True,900000,0.059,135000,37230,15970
INF107,Sandy Firmansyah,Instagram,71,"['Business','Entrepreneur','Finance']",Generasi Milenial,Laki-laki,Menengah ke atas,"['Entrepreneur','Modern']","['Smart','Ambitious']",Innovation,True,Positive,True,"['Bisnis','Startup']",True,0.38,True,True,950000,0.061,152000,40570,17330
INF108,Jouska,Instagram,75,"['Business','Finance','Education']",Generasi Milenial,Laki-laki,Menengah ke atas,"['Entrepreneur','Modern']","['Smart','Analytical']",Knowledge,True,Positive,True,"['Finansial','Edukasi']",True,0.89,True,True,1100000,0.052,176000,40040,17160
INF109,Fellexandro Ruby,Instagram,79,"['Business','Entrepreneur','Motivation']",Generasi Milenial,Laki-laki,Menengah ke atas,"['Entrepreneur','Modern']","['Ambitious','Inspiring']",Empowerment,True,Positive,True,"['Bisnis','Motivator']",True,0.43,True,True,950000,0.061,152000,40570,17330
INF110,Denny Santoso,Instagram,70,"['Business','Entrepreneur','Motivation']",Generasi Milenial,Laki-laki,Menengah ke atas,"['Entrepreneur','Modern']","['Ambitious','Inspiring']",Empowerment,True,Positive,True,"['Bisnis','Motivator']",True,0.88,True,True,900000,0.059,135000,37230,15970
INF111,Vincent Raditya,YouTube,79,"['Business','Aviation','Motivation']",Generasi Milenial,Laki-laki,Menengah ke atas,"['Modern','Aviation']","['Ambitious','Inspiring']",Empowerment,True,Positive,True,"['Pilot','Motivator']",True,0.37,True,True,950000,0.061,152000,40570,17330
INF112,Christian Sugiono,Instagram,75,"['Business','Entrepreneur','Tech']",Generasi Milenial,Laki-laki,Menengah ke atas,"['Entrepreneur','Modern']","['Smart','Ambitious']",Innovation,True,Positive,True,"['Startup','Teknologi']",True,0.21,True,True,1100000,0.052,176000,40040,17160
INF113,Hanifa Ambadar,Instagram,83,"['Business','Entrepreneur','Motivation']",Generasi Milenial,Perempuan,Menengah ke atas,"['Entrepreneur','Modern']","['Ambitious','Inspiring']",Empowerment,True,Positive,True,"['Bisnis','Motivator']",True,0.81,True,True,1200000,0.049,168000,41160,17640
INF117,Rendy Saputra,Instagram,63,"['Business','Entrepreneur','Motivation']",Generasi Milenial,Laki-laki,Menengah ke atas,"['Entrepreneur','Modern']","['Ambitious','Inspiring']",Empowerment,True,Positive,True,"['Bisnis','Motivator']",True,0.9,True,True,900000,0.059,135000,37230,15970
INF118,Agung Hapsah,YouTube,77,"['Business','Tech','Content Creator']",Generasi Z,Laki-laki,Menengah ke atas,"['Modern','Tech']","['Creative','Smart']",Innovation,True,Positive,True,"['Teknologi','YouTuber']",True,0.6,True,True,950000,0.061,152000,40570,17330
INF119,Irfan Amalee,Instagram,65,"['Business','Education','Motivation']",Generasi Milenial,Laki-laki,Menengah ke atas,"['Entrepreneur','Modern']","['Smart','Inspiring']",Empowerment,True,Positive,True,"['Edukasi','Motivator']",True,0.35,True,True,900000,0.059,135000,37230,15970
INF120,Sibungbung,Instagram,61,"['Culinary','Food','Creator']",Generasi Milenial,Laki-laki,Menengah ke atas,"['Modern','Culinary']","['Creative','Friendly']",Creativity,True,Positive,False,"['Kuliner','Foodblogger']",False,0.84,True,False,950000,0.061,152000,40570,17330
INF121,Nana Koot,Instagram,66,"['Culinary','Food','Creator']",Generasi Milenial,Perempuan,Menengah ke atas,"['Modern','Culinary']","['Creative','Friendly']",Creativity,True,Positive,False,"['Kuliner','Foodblogger']",False,0.29,True,False,900000,0.059,135000,37230,15970
INF122,Vindy Lee,Instagram,82,"['Culinary','Food','Chef']",Generasi Milenial,Perempuan,Menengah ke atas,"['Modern','Culinary']","['Creative','Talented']",Creativity,True,Positive,True,"['Chef','Kuliner']",True,0.84,True,True,1100000,0.052,176000,40040,17160
INF123,Chef Arnold,Instagram,81,"['Culinary','Food','Chef']",Generasi Milenial,Laki-laki,Menengah ke atas,"['Modern','Culinary']","['Creative','Talented']",Creativity,True,Positive,True,"['Chef','Kuliner']",True,0.61,True,True,1200000,0.049,168000,41160,17640
INF124,Farah Quinn,Instagram,81,"['Culinary','Food','Chef']",Generasi Milenial,Perempuan,Menengah ke atas,"['Modern','Culinary']","['Creative','Talented']",Creativity,True,Positive,True,"['Chef','Kuliner']",True,0.22,True,True,950000,0.061,152000,40570,17330
INF125,William Gozali,Instagram,78,"['Culinary','Food','Chef']",Generasi Milenial,Laki-laki,Menengah ke atas,"['Modern','Culinary']","['Creative','Talented']",Creativity,True,Positive,True,"['Chef','Kuliner']",True,0.25,True,True,900000,0.059,135000,37230,15970
INF126,Chandra Yudasswara,Instagram,82,"['Culinary','Food','Chef']",Generasi X,Laki-laki,Menengah ke atas,"['Modern','Culinary']","['Creative','Talented']",Creativity,True,Positive,True,"['Chef','Kuliner']",True,0.33,True,True,950000,0.061,152000,40570,17330
INF127,Devina Hermawan,Instagram,61,"['Culinary','Food','Chef']",Generasi Milenial,Perempuan,Menengah ke atas,"['Modern','Culinary']","['Creative','Talented']",Creativity,True,Positive,True,"['Chef','Kuliner']",True,0.85,True,True,900000,0.059,135000,37230,15970
INF130,Yuda Bustara,Instagram,72,"['Culinary','Food','Chef']",Generasi Milenial,Laki-laki,Menengah ke atas,"['Modern','Culinary']","['Creative','Talented']",Creativity,True,Positive,True,"['Chef','Kuliner']",True,0.49,True,True,1100000,0.052,176000,40040,17160
INF133,Tasya Farasya,YouTube,74,"['Beauty','Fashion','Lifestyle']",Generasi Milenial,Perempuan,Menengah ke atas,"['Modern','Culinary']","['Creative','Friendly']",Creativity,True,Positive,False,"['Kuliner','Foodblogger']",False,0.5,True,False,900000,0.059,135000,37230,15970
INF135,Bara Pattiradjawane,Instagram,61,"['Culinary','Food','Chef']",Generasi X,Laki-laki,Menengah ke atas,"['Modern','Culinary']","['Creative','Talented']",Creativity,True,Positive,True,"['Chef','Kuliner']",True,0.43,True,True,900000,0.059,135000,37230,15970
INF136,My Fun FooDiary,Instagram,66,"['Culinary','Food','Creator']",Generasi Milenial,Perempuan,Menengah ke atas,"['Modern','Culinary']","['Creative','Friendly']",Creativity,True,Positive,False,"['Kuliner','Foodblogger']",False,0.73,True,False,950000,0.061,152000,40570,17330
INF140,Kadek Arini,Instagram,71,"['Travel','Adventure','Lifestyle']",Generasi Milenial,Perempuan,Menengah ke atas,"['Adventurous','Modern']","['Curious','Friendly']",Exploration,True,Positive,False,"['Travel','Explorer']",False,0.4,True,False,950000,0.061,152000,40570,17330
INF142,Vina Muliana,Instagram,66,"['Business','Entrepreneur','Motivation']",FALSE,,TRUE,FALSE,,,,,,,,0.76,,900000,0.059,135000,37230,15970
INF143,Marischka Prudence,Instagram,77,"['Travel','Adventure','Lifestyle']",Generasi Milenial,Perempuan,Menengah ke atas,"['Adventurous','Modern']","['Curious','Friendly']",Exploration,True,Positive,False,"['Travel','Explorer']",False,0.9,True,False,950000,0.061,152000,40570,17330
INF144,Trinity Traveler,Instagram,63,"['Travel','Adventure','Lifestyle']",Generasi Milenial,Perempuan,Menengah ke atas,"['Adventurous','Modern']","['Curious','Friendly']",Exploration,True,Positive,False,"['Travel','Explorer']",False,0.86,True,False,900000,0.059,135000,37230,15970
INF145,Adrian Maulana,Instagram,83,"['Travel','Adventure','Lifestyle']",Generasi Milenial,Laki-laki,Menengah ke atas,"['Adventurous','Modern']","['Curious','Friendly']",Exploration,True,Positive,False,"['Travel','Explorer']",False,0.22,True,False,950000,0.061,152000,40570,17330
INF148,Backpacker Tampan,Instagram,66,"['Travel','Adventure','Lifestyle']",Generasi Milenial,Laki-laki,Menengah ke atas,"['Adventurous','Modern']","['Curious','Friendly']",Exploration,True,Positive,False,"['Travel','Explorer']",False,0.21,True,False,900000,0.059,135000,37230,15970
INF150,Mira Lesmana,Instagram,71,"['Media','Film','Writing']",Generasi X,Perempuan,Menengah ke atas,"['Adventurous','Modern']","['Curious','Friendly']",Exploration,True,Positive,False,"['Travel','Explorer']",False,0.32,True,False,950000,0.061,152000,40570,17330
INF152,Oki Setiana Dewi,Instagram,83,"['Religion','Spiritual','Leader']",Generasi Milenial,Perempuan,Menengah ke atas,"['Adventurous','Modern']","['Curious','Friendly']",Exploration,True,Positive,False,"['Travel','Explorer']",False,0.73,True,False,900000,0.059,135000,37230,15970
INF154,Jess no Limit,YouTube,69,"['Gaming','Esports','Content Creator']",Generasi Z,Laki-laki,Menengah ke atas,"['Modern','Competitive']","['Energetic','Strategic']",Achievement,True,Positive,True,"['Mobile Legends','Gamer']",True,0.32,True,True,950000,0.061,152000,40570,17330
INF155,Frost Diamond,YouTube,74,"['Gaming','Esports','Content Creator']",Generasi Z,Laki-laki,Menengah,"['Modern','Fun']","['Energetic','Creative']",Fun,True,Positive,False,"['Minecraft','Gamer']",False,0.8,True,False,900000,0.059,135000,37230,15970
INF156,MiawAug,YouTube,73,"['Gaming','Esports','Content Creator']",Generasi Z,Laki-laki,Menengah ke atas,"['Modern','Fun']","['Energetic','Creative']",Fun,True,Positive,False,"['YouTuber','Gamer']",False,0.71,True,False,900000,0.061,152000,40570,17330
INF157,Windah Basudara,YouTube,73,"['Gaming','Esports','Content Creator']",Generasi Z,Laki-laki,Menengah,"['Modern','Fun']","['Energetic','Creative']",Fun,True,Positive,False,"['Streamer','Gamer']",False,0.72,True,False,900000,0.059,135000,37230,15970
INF158,Jonathan Liandi,YouTube,73,"['Gaming','Esports','Content Creator']",Generasi Z,Laki-laki,Menengah ke atas,"['Modern','Competitive']","['Energetic','Strategic']",Achievement,True,Positive,True,"['Mobile Legends','Gamer']",True,0.82,True,True,950000,0.061,152000,40570,17330
INF159,BTR Zuxxy,YouTube,76,"['Gaming','Esports','Pro Player']",Generasi Z,Laki-laki,Menengah ke atas,"['Modern','Competitive']","['Strategic','Ambitious']",Achievement,True,Positive,True,"['PUBG','Pro Player']",True,0.21,True,True,900000,0.059,135000,37230,15970
INF160,EVOS Reza,YouTube,83,"['Gaming','Esports','Pro Player']",Generasi Z,Laki-laki,Menengah ke atas,"['Modern','Competitive']","['Strategic','Ambitious']",Achievement,True,Positive,True,"['Free Fire','Pro Player']",True,0.55,True,True,900000,0.061,152000,40570,17330
INF161,Donkey,YouTube,70,"['Gaming','Esports','Content Creator']",Generasi Z,Laki-laki,Menengah ke atas,"['Modern','Fun']","['Energetic','Creative']",Fun,True,Positive,False,"['Mobile Legends','Streamer']",False,0.59,True,False,900000,0.059,135000,37230,15970
INF164,Kayes,YouTube,76,"['Gaming','Esports','Content Creator']",Generasi Z,Perempuan,Menengah ke atas,"['Modern','Fun']","['Energetic','Creative']",Fun,True,Positive,False,"['Streamer','Gamer']",False,0.76,True,False,900000,0.061,152000,40570,17330
INF165,Xinn,YouTube,79,"['Gaming','Esports','Pro Player']",Generasi Z,Laki-laki,Menengah ke atas,"['Modern','Competitive']","['Strategic','Ambitious']",Achievement,True,Positive,True,"['Mobile Legends','Pro Player']",True,0.62,True,True,900000,0.059,135000,37230,15970
INF166,Oura Gaming,YouTube,82,"['Gaming','Esports','Content Creator']",Generasi Z,Laki-laki,Menengah ke atas,"['Modern','Fun']","['Energetic','Creative']",Fun,True,Positive,True,"['Mobile Legends','Streamer']",True,0.89,True,True,900000,0.061,152000,40570,17330
INF167,BTR Luxxy,YouTube,62,"['Gaming','Esports','Pro Player']",Generasi Z,Laki-laki,Menengah ke atas,"['Modern','Competitive']","['Strategic','Ambitious']",Achievement,True,Positive,True,"['PUBG','Pro Player']",True,0.22,True,True,900000,0.059,135000,37230,15970
INF168,Leokoce,YouTube,81,"['Gaming','Esports','Content Creator']",Generasi Z,Laki-laki,Menengah,"['Modern','Fun']","['Energetic','Creative']",Fun,True,Positive,False,"['Streamer','Gamer']",False,0.56,True,False,900000,0.061,152000,40570,17330
INF169,Sarah Viloid,YouTube,84,"['Gaming','Esports','Content Creator']",Generasi Z,Perempuan,Menengah ke atas,"['Modern','Fun']","['Energetic','Creative']",Fun,True,Positive,False,"['Streamer','Gamer']",False,0.85,True,False,900000,0.059,135000,37230,15970
INF170,Rekt,YouTube,75,"['Gaming','Esports','Pro Player']",Generasi Z,Laki-laki,Menengah ke atas,"['Modern','Competitive']","['Strategic','Ambitious']",Achievement,True,Positive,True,"['Mobile Legends','Pro Player']",True,0.37,True,True,900000,0.061,152000,40570,17330
INF171,Hanan Attaki,YouTube,68,"['Religion','Spiritual','Leader']",Generasi Milenial,Laki-laki,Menengah ke atas,"['Religious','Modern']","['Wise','Inspiring']",Faith,True,Positive,True,"['Ustadz','Dakwah']",True,0.34,True,True,900000,0.059,135000,37230,15970
INF172,Adi Hidayat,YouTube,78,"['Religion','Spiritual','Leader']",Generasi Milenial,Laki-laki,Menengah ke atas,"['Religious','Modern']","['Wise','Inspiring']",Faith,True,Positive,True,"['Ustadz','Dakwah']",True,0.69,True,True,900000,0.061,152000,40570,17330
INF173,Abdul Somad,YouTube,69,"['Religion','Spiritual','Leader']",Generasi X,Laki-laki,Menengah ke atas,"['Religious','Modern']","['Wise','Inspiring']",Faith,True,Positive,True,"['Ustadz','Dakwah']",True,0.46,True,True,900000,0.059,135000,37230,15970
INF174,Gus Baha,YouTube,81,"['Religion','Spiritual','Leader']",Generasi X,Laki-laki,Menengah ke atas,"['Religious','Traditional']","['Wise','Calm']",Wisdom,True,Positive,True,"['Ulama','Dakwah']",True,0.66,True,True,900000,0.061,152000,40570,17330
INF175,Yusuf Mansur,YouTube,79,"['Religion','Spiritual','Leader']",Generasi X,Laki-laki,Menengah ke atas,"['Religious','Modern']","['Wise','Inspiring']",Faith,True,Positive,True,"['Ustadz','Dakwah']",True,0.95,True,True,900000,0.059,135000,37230,15970
INF176,Salim A. Fillah,YouTube,68,"['Religion','Spiritual','Leader']",Generasi Milenial,Laki-laki,Menengah ke atas,"['Religious','Modern']","['Wise','Inspiring']",Faith,True,Positive,True,"['Ustadz','Dakwah']",True,0.87,True,True,900000,0.061,152000,40570,17330
INF177,Habib Jindan,YouTube,62,"['Religion','Spiritual','Leader']",Generasi Milenial,Laki-laki,Menengah ke atas,"['Religious','Traditional']","['Wise','Calm']",Wisdom,True,Positive,True,"['Habib','Dakwah']",True,0.47,True,True,900000,0.059,135000,37230,15970
INF178,Habib Novel Alaydrus,YouTube,72,"['Religion','Spiritual','Leader']",Generasi Milenial,Laki-laki,Menengah ke atas,"['Religious','Traditional']","['Wise','Calm']",Wisdom,True,Positive,True,"['Habib','Dakwah']",True,0.84,True,True,900000,0.061,152000,40570,17330
INF179,Buya Yahya,YouTube,67,"['Religion','Spiritual','Leader']",Generasi X,Laki-laki,Menengah ke atas,"['Religious','Traditional']","['Wise','Calm']",Wisdom,True,Positive,True,"['Ulama','Dakwah']",True,0.24,True,True,900000,0.059,135000,37230,15970
INF180,Habib Rizieq,YouTube,60,"['Religion','Spiritual','Leader']",Generasi X,Laki-laki,Menengah ke atas,"['Religious','Traditional']","['Wise','Inspiring']",Faith,True,Positive,True,"['Habib','Dakwah']",True,0.41,True,True,900000,0.061,152000,40570,17330
INF181,KH. Cholil Nafis,YouTube,78,"['Religion','Spiritual','Leader']",Generasi X,Laki-laki,Menengah ke atas,"['Religious','Modern']","['Wise','Inspiring']",Faith,True,Positive,True,"['Ulama','Dakwah']",True,0.35,True,True,900000,0.059,135000,37230,15970
INF182,Hilman Fauzi,YouTube,83,"['Religion','Spiritual','Leader']",Generasi Milenial,Laki-laki,Menengah ke atas,"['Religious','Modern']","['Wise','Inspiring']",Faith,True,Positive,True,"['Ustadz','Dakwah']",True,0.31,True,True,900000,0.061,152000,40570,17330
INF183,Syafiq Riza Basalamah,YouTube,81,"['Religion','Spiritual','Leader']",Generasi X,Laki-laki,Menengah ke atas,"['Religious','Modern']","['Wise','Inspiring']",Faith,True,Positive,True,"['Ustadz','Dakwah']",True,0.82,True,True,900000,0.059,135000,37230,15970
INF188,Ernest Prakasa,Instagram,67,"['Media','Comedy','Writing']",Generasi Milenial,Laki-laki,Menengah ke atas,"['Modern','Creative']","['Humorous','Critical']",Creativity,True,Positive,True,"['Komika','Penulis']",True,0.65,True,True,950000,0.061,152000,40570,17330
INF189,Joko Anwar,Instagram,83,"['Media','Film','Writing']",Generasi Milenial,Laki-laki,Menengah ke atas,"['Modern','Creative']","['Creative','Critical']",Creativity,True,Positive,True,"['Sutradara','Penulis']",True,0.58,True,True,1100000,0.052,176000,40040,17160
INF191,Dandhy Laksono,Instagram,61,"['Media','Journalism','Documentary']",Generasi Milenial,Laki-laki,Menengah ke atas,"['Modern','Intellectual']","['Critical','Informative']",Knowledge,True,Positive,True,"['Jurnalis','Dokumenter']",True,0.74,True,True,900000,0.059,135000,37230,15970
INF192,Gina S. Noer,Instagram,82,"['Media','Film','Writing']",Generasi Milenial,Perempuan,Menengah ke atas,"['Modern','Creative']","['Creative','Critical']",Creativity,True,Positive,True,"['Penulis','Sutradara']",True,0.35,True,True,950000,0.061,152000,40570,17330
INF193,Remy Sylado,Instagram,81,"['Media','Writing','Literature']",Generasi X,Laki-laki,Menengah ke atas,"['Intellectual','Creative']","['Critical','Creative']",Wisdom,True,Positive,True,"['Sastrawan','Penulis']",True,0.44,True,True,900000,0.059,135000,37230,15970
INF194,Andrea Hirata,Instagram,68,"['Media','Writing','Literature']",Generasi X,Laki-laki,Menengah ke atas,"['Intellectual','Creative']","['Critical','Creative']",Wisdom,True,Positive,True,"['Sastrawan','Penulis']",True,0.81,True,True,900000,0.061,152000,40570,17330
INF195,Leila S. Chudori,Instagram,70,"['Media','Writing','Literature']",Generasi X,Perempuan,Menengah ke atas,"['Intellectual','Creative']","['Critical','Creative']",Wisdom,True,Positive,True,"['Sastrawan','Penulis']",True,0.8,True,True,900000,0.059,135000,37230,15970
INF196,Seno Gumira Ajidarma,Instagram,78,"['Media','Writing','Literature']",Generasi X,Laki-laki,Menengah ke atas,"['Intellectual','Creative']","['Critical','Creative']",Wisdom,True,Positive,True,"['Sastrawan','Penulis']",True,0.33,True,True,900000,0.061,152000,40570,17330
INF197,Wira Nagara,Instagram,60,"['Media','Writing','Literature']",Generasi Milenial,Laki-laki,Menengah ke atas,"['Intellectual','Creative']","['Critical','Creative']",Wisdom,True,Positive,True,"['Sastrawan','Penulis']",True,0.79,True,True,900000,0.059,135000,37230,15970
INF198,Pandji Pragiwaksono,Instagram,68,"['Media','Comedy','Writing']",Generasi Milenial,Laki-laki,Menengah ke atas,"['Modern','Creative']","['Humorous','Critical']",Creativity,True,Positive,True,"['Komika','Penulis']",True,0.75,True,True,900000,0.061,152000,40570,17330
INF199,Windy Ariestanty,Instagram,70,"['Media','Writing','Literature']",Generasi Milenial,Perempuan,Menengah ke atas,"['Intellectual','Creative']","['Critical','Creative']",Wisdom,True,Positive,True,"['Sastrawan','Penulis']",True,0.23,True,True,900000,0.059,135000,37230,15970
INF200,Intan Paramaditha,Instagram,62,"['Media','Writing','Literature']",Generasi Milenial,Perempuan,Menengah ke atas,"['Intellectual','Creative']","['Critical','Creative']",Wisdom,True,Positive,True,"['Sastrawan','Penulis']",True,0.65,True,True,900000,0.061,152000,40570,17330
INF201,Merry Riana,Instagram,77,"['Media','Motivation','Writing']",Generasi Milenial,Perempuan,Menengah ke atas,"['Modern','Motivational']","['Inspiring','Smart']",Empowerment,True,Positive,True,"['Motivator','Penulis']",True,0.79,True,True,1100000,0.052,176000,40040,17160
