instagram_account,post_caption,label_1
rizkypahleviii,"Bad Casting Eps.1 | Agar silaturahmi tak terputus, bolehlah pinjem dulu seratus ğŸ˜¶",engagement-inviting
rizkypahleviii,Emang iya begini? #cogil,engagement-inviting
rizkypahleviii,Kentut wangi red velvet,product-focused
rizkypahleviii,jangan sampe anak tongkrongan lu tau,engagement-inviting
rizkypahleviii,Kocheng kok sok jual mahal gitu ya?,personal storytelling
fidahana,"Beginilah ya kalau pacer nya cewek cewek kebanyakan gula ğŸ¤ªâœŒğŸ» @btn_jakim @mizunoid sedikit cuplikan yang sayang kalau gak di postğŸ˜œğŸ¤ğŸ» untuk gerbong 2.45 kalian super keren! Kompak & seru banget, mulai dr nyanyi, berdendang, tebak kata, adu pantun semua dilakuin! ğŸ«°ğŸ»ğŸ¤£ğŸ’ƒğŸª©ğŸ’¨ Bahkan tiap dari water station, barisan langsung balik lagi dengan rapi!! Terimakasih banyak para runners yang kemarin ikut seru2 an di gerbong kita ya âœ¨ğŸ«¶ğŸ»ğŸ˜ğŸ˜œ Terimakasih atas kepercayaan nya menjadikan kita pacer woohoo @btn_jakim @mizunoid event nya luar biasa!ğŸ¥³â¤ï¸â™¥ï¸ğŸ’™ğŸ’™ #BTNJakim2025 #pacer #mizuno #halfmarathon",product-focused
fidahana,"#mandatorymedalmondaypost ğŸ¥‡ still canâ€™t believe (once again) that i got to be here, from a nobody to a half marathon pacerâ€¦ what an experience! ğŸ¥¹ğŸ«¶ğŸ» wlpn di tengah - titik kritis i wasnâ€™t feeling my best, tapi energy dari gerbong hm sub 2:45 & also my pacer mate @taammonste @hayatinupush11 bener benerrr rame, solid, and so full of spirit. it kept me going all the way to the finish line!!ğŸ˜­ again, huge thanks to the @mizunoid team & @btn_jakim for giving us such an incredible and well-prepared experience from the very beginning, aku jadi kenal & bertemu banyak orang seru, baik hati & hebaatğŸ¥¹ esp @iwansaktiawan7 @bella.scholastica @sarfinasheila @luthfigo @dickyafs (hiks gaada foto brg coach dicky selama event). truly an honor to be trusted with this role, and even more special to cross the line strong, happy, and right on pace. what a day! ğŸ’™âœ¨",personal storytelling
fidahana,"incredibly grateful to be selected as one of the Mizuno pacers for the Half Marathon Sub 2:45 category at BTN Jakarta International Marathon 2025!!ğŸ¥¹ğŸ«¶ğŸ» it really such an honor to take part in one of the cityâ€™s major running events and cross the finish line strong, happy, and right on target with the pacing goal âœ¨ thank you so much!! @mizunoid @btn_jakim #btnjakim #btnjakim2025 #jakartainternationalmarathon",personal storytelling
fidahana,"Just did my interval session (road to @btn_jakim) yesterday, and laced up in the Mizuno Wave Rebellion Pro 3!âš¡ï¸ It felt super bouncy and responsive, with crazyyyy energy return ğŸ¤¯ Definitely one of those shoes that pushes you forward the moment you push off the ground!",personal storytelling
fidahana,track state of mind ğŸ¤“âš¡ï¸ ğŸ“¸: @olahragadifotoin,personal storytelling
jurnaltasya,"""It's a beautiful thing when career and passion come together.."" ğŸ™ï¸Podcast Ditlantas Polda Sulut bersama Kapolda Sulawesi Utara, Irjen Pol. Drs. Setyo Budiyanto, SH. MH Ngobrol apa aja? Cuss nonton selengkapnya di channel youtube Ditlantas Polda Sulut yaaaa ğŸ˜‰ #podcast #kapoldasulut #poldasulut #polri #ditlantaspoldasulut #direktoratlalulintas",call-to-action
jurnaltasya,"Bukan kuat dan hebatku, tapi karena Tuhan Yesus yang terlalu luar biasa.. ğŸ˜­ğŸ˜‡ Pencapaian tahun 2024 jauh melebihi harapan dan ekspektasi. Kerja keras dan proses yang berbuah manis. ğŸ¥¹ Tetap semangat untuk para pejuang diluar sana. Kalian hebat! I'm very proud to be a professional master of ceremony ğŸ¥°ğŸ’ğŸ¤ #jurnaltasya #masterofceremony #mcmanado #mcgorontalo #recap2024 #mc #moderator",personal storytelling
jurnaltasya,Sumber air sudekat.,no meaningful message
jurnaltasya,Sumber air sudekat.,no meaningful message
jurnaltasya,Auto bungkus Yamaha Grand Filano gegara Sentral Yamaha Calaca Manado so buka gengss ğŸ˜ğŸ«¶ CUSS JANG NGONI KETINGGALAN !! ğŸ˜š #jurnaltasya #yamaha #yamahamanado #yamahasemakindidepan #promoyamaha #sentralyamahacalaca,call-to-action
candyelina_,"Puasa kok lemes terus? :( Padahal pengen banget ibadah lancar dan tetap produktif seharian.. Ini dia rahasia energiku selama Ramadan. Inoru Tea rasa leci yang seger banget ğŸ¤¤. Tonton videonya sampai habis biar tau gimana teh ini bantu aku tetap fit. Teh hijau alami di Inoru Tea bantu jaga energi, lancarkan pencernaan, dan tinggi antioksidan lho. Jadi, badan tetap fit, ibadah nyaman, dan aktivitas lancar. Aku udah buktikan sendiri. Ga cuma itu, rasanya juga enak, plus sudah sertifikasi BPOM, cocok nemenin sahur dan berbuka Make this Ramadan your best one with Inoru Tea. Check out @inoru_tea or visit inorutea.com for more info. Ramadan Kareem ğŸŒ™ #inorutea #inoruslimmingtea #healthyramadan #ramadhansehat #healthyliving #greentea #lycheetea #antioxidants #antioksidan #healthyhabits #ramadantips #ramadanrecipes #puasalancar #ramadanboost",product-focused
candyelina_,"Sering ngerasa perut buncit dan susah BAB? ğŸ˜© Pasti ganggu banget, kan? Nih, aku punya solusinya. Aku lagi rutin minum Inoru Tea rasa leci yang enak banget ğŸ˜ Teh hijau celup ini bukan cuma bikin seger, tapi juga bantu mengurangi lemak tubuh, melancarkan pencernaan, dan bahkan bisa menurunkan berat badan. Udah BPOM dan bahannya premium lho.. Aman banget buat jangka panjang ğŸ¥° Yuk, cobain juga. Cek @inoru_tea atau website mereka di www.inorutea.com untuk info lebih lanjut dan cara pembelian #inoruslimmingtea #inorutea #tehhijau #dietsehat #bodygoals #sehatalami #tehleci #inoru #goodlife #tea #teatime #tealover #tealovers #diettea",call-to-action
candyelina_,"STOP pakai setting spray kalau caranya masih salah ğŸ™…ğŸ»â€â™€ï¸ Ada teknik yang bikin makeup kalian tahan lama, yaitu Sandwich Technique. Kenalkan setting spray NPURE, 1st No Alcohol Continuous Mist Setting Spray di Indonesia dengan hasil matte flawless. Sudah triple-tested: hypoallergenic, non-acnegenic, dan dermatologically approved ğŸ˜ Ini setting spray vegan, halal, dan aman untuk bumil & busui, plus tanpa bahan berbahaya lho.. Sudah waterproof, sweatproof, dan smudgeproof, yang bikin makeup kamu tahan seharian ğŸ˜‡ Yuk ikutan pake dan lapisi setiap layer makeupmu dengan setting spray NPURE untuk hasil maksimal. Beli sekarang dan rasakan bedanya ğŸ’š #npure @npureofficial",call-to-action
candyelina_,"Lebih dari sekadar mencerahkan âœ¨ ROOTIN Beauty Collagen @rootin.id memberikan manfaat lengkap untuk kulit dan tubuhmu. Selain mencerahkan dan meningkatkan elastisitas kulit, ROOTIN Beauty Collagen juga membantu meningkatkan sistem kekebalan tubuh, menjaga kelembaban kulit, dan mendukung kesehatan tulang. Berikut kandungan Rootin Beauty Collagen: Tripeptide Salmon collagen bermanfaat untuk: - Membantu meningkatkan elastisitas kulit & kekenyalan kulit - Membantu mengurangi, garis halus dan memperbaiki tekstur kulit - Mendukung pertumbuhan rambut yang sehat dan kuku yang lebih kuat L-glutathione bermanfaat untuk: - Mencerahkan kulit dan glowing - Membantu mengurangi masalah kulit seperti flek, bekas jerawat, flek dan bitnik-bintik gelap Ekstrak sarang burung walet bermanfaat untuk: - Membantu meningkatkan sistem kekebalan tubuh - Membantu membuat kulit lebih muda dan mencegah keriput - Menjaga kelembaban kulit - High Antioxidant Vitamin C bermanfaat untuk: - Menguatkan kekebalan tubuh - Membantu mencerahkan kulit Premiks Vitamin - Mendukung kesehatan tulang Kekebalan tubuh - Membantu menjaga kesehatan kulit Dengan ROOTIN Beauty Collagen, kamu ga hanya mendapatkan kulit yang cantik, tapi juga tubuh yang sehat dan bugar. Jangan lewatkan kesempatan untuk memiliki kulit yang sehat dan glowing. Order ROOTIN Beauty Collagen sekarang di ecommerce favoritmu ğŸ˜Š. Dengan #rootin, #sehatluardalam â¤ï¸ #ROOTINBeautyCollagen #KesehatanKulit #HealthyLifestyle",call-to-action
khairinadiar,"Emang enggak capek jadi people pleaser? ğŸ«µğŸ»ğŸ˜© #tulisanirin â€” #selflove #friendlyreminder people pleaser, real talk",personal storytelling
khairinadiar,"A little picnic in the cityâ€”just without the basket. Let the gingham do the talking. ğŸ§ºğŸ’ğŸª Scroll till the end for the full look! ğŸ‘€ â€” #picnicdate #outfitideas #outfitinspo gingham outfit, date ideas",personal storytelling
khairinadiar,"Hiding the truth just to be loved is manipulation, not love. â˜ºï¸ #tulisanirin â€” #relationshipquote #quotestoliveby #relationshipadvice relationship problems, honesty, manipulation",personal storytelling
khairinadiar,"When words fail, let the cake speak. ğŸ° â€” #simpleook #outfitideas #ootdfashion simple outfit, lettering cake, quotes to live by",personal storytelling
khairinadiar,"Mohon maaf lahir, batin, dan postingan Lebaran yang belum habis-habis. ğŸ¤£ğŸ™ğŸ»",personal storytelling
angelltamara,"ğŸ’Œ #MeetAngel: The intro to my movie ğŸ€ aka get to know me a little Iâ€™m angel. I sew sometimes, I style always. And this is basically my fashion diary. If you like lace, ribbons, jahit2an, and outfits that feel like you made an effort just because, you might feel at home here âœ¨ Sometimes I still canâ€™t believe I get to call this part of my life. Thank you for being here, seriously. Every little support means more than you think ğŸ«¶ğŸ» . . . . #personalstylejourney #narratortrend #fashioncreator",personal storytelling
angelltamara,"My wardrobe comfort picks ğŸ¤ Not every outfit has to be loud, some just feel like me. Thank you @pixfootwear for being part of my everyday ease ğŸ©°âœ¨ . . . . #LifeOfPixies #outfitrotation #softgirlstyle #outfitrepeater",product-focused
angelltamara,lately it's been embracing the art of outfit repeating and wearing the clothes i love over and over again ğŸ¤â˜•ï¸ âŠ¹ à£ª Ë– â€” top: @asmaraguise pants: @ocha.wear x @valeriepola heels: @mooresei.official . . . . #outfitinspo #ootd #outfitinspiration,product-focused
angelltamara,love language is @ferragamo fiamma â€” smells like memories i never got to say out loud â¤ï¸ . . . . #FerragamoFiamma #FerragamoParfums,product-focused
aurelvo_,timeless outfit details : choco dress @mango (the key of the looks!) bag @katespadeny bracelet @the palace_id #timelessstyle #outfitoftoday #elegantstyle,product-focused
aurelvo_,here is the detail product used : - tinted glass H2Oil shade â€œpink plasticâ€ (1st shade) - tinted glass H2Oil shade â€œwife me upâ€ (2nd shade) both from @madformakeup.co ğŸ¤ #lipgloss #lipswatches #makeup,product-focused
aurelvo_,when the complexion and highlighter do my makeup so wellâœ¨â£ï¸ . . . . . #glowymakeup #naturalmakeup #beauty,product-focused
aurelvo_,yesterdayâ€™s activities : ğŸ§ºğŸ’,no meaningful message
aurelvo_,attended the â€œGrand Opening GUESS Accessoriesâ€ with their newest collection and newest concept store at @summareconmall.bandung go there now girls! @guess @gilangagung.id ğŸ¤ oh! with their collaboration tho @josefabakery @cottoncandy_and_snack_corner @instaxindonesia @onthepenthays @steybyhery,product-focused
fahmiadimara,"Tahun ini, @Google menyelenggarakan Local Guides Summit ke-2 untuk orang-orang yang berkontribusi di wilayah mereka ke @GoogleMaps dan Google Search. Google mengundang 150 Top Contributors dari 62 negara ke markas besar Google di Mountain View, California. Pada 2016, ada 75 peserta dari 37 negara. Berbasis data dari panitia. Tahun lalu, ada 5 juta Local Guides di seluruh dunia. Hebatnya, jumlahnya kini telah meningkat menjadi 50 juta meningkat 10x dalam satu tahun. Jadi revisi yah, tahun 2017 delegasi Indonesia berhasil terpilih dari 50 juta Local Guides seluruh dunia, bukan bersaing dengan 200 ribu sekian hehe. Semangat rek buat tahun depan! Courtesy by @pagipagi_nettv @netmediatama. Cc @ristekdikti @kemenpar @kemenpora @univ_airlangga @satuunair @globalunair @amertaunair @mahasiswaairlangga @unair.students @unair.story @haiunair #Google #LocalGuides #LGSummit17 #OnGoogleMaps #TeamPixel #GlobalUNAIR #UNAIR #AirlanggaUniversity #UniversitasAirlangga #Amerta2017 #BanggaUNAIR #BanggaSurabaya #BanggaSidoarjo",product-focused
fahmiadimara,"Klo sebelumnya moment ter-grogi ialah saat sharing tentang bisnis kopi tahun lalu di panggungnya @superadventure_id di event @indonesia.summit Ini kedua kalinya moment paling grogi seumur hidup, naiknya cuma beberapa menit persiapannya bikin kepikiran wkwk Gimana ga degâ€an bicarain product launch realme Buds Air 5 dikonsep chit-chat, takut salah omong karena ini benerâ€ pengalaman pertama kali seperti ini di panggung utama dan ditonton oleh para tech influencer top of mind indonesia, BA realme Indonesia, awak media, brand kolega & partner realme Indonesia, tim realme Indonesia, realme fans seluruh Indonesia, realme friends seluruh indonesia dan penonton online live streaming. Ga kebayang sama sekali saya yang anak introvert, yang dulunya pas kuliah ga berani ngomong di depan anak SMA, sekarang bisa dapat kesempatan ini. Terima kasih banyak untuk kesempatan dan kepercayaannya @realmeindonesia @realmecommunity @realmeglobal Sampai jumpa di momentâ€ selanjutnya! Lets Rockin! #realmeIndonesia #realme5thAnniversary",product-focused
fahmiadimara,Terima kasih banyak sudah support dan menyempatkan datang langsung Mba Wakil Menteri @kemenparekraf.ri Mba @angelatanoesoedibjo di acara pertama kami BODRIE COFFEE FESTIVAL @bodriecoffeefestival by @bodrie1934 POWERED BY : @urbanrepublicid @dji.era @superadventure_id @naturasa_id @realmeindonesia @denali.indonesia @scurolavino @indibiz.id @gmxgear.id @grabjatimrek @cgv.surabaya @cozmeedofficial NATIONAL MEDIA PARTNER : @kemenparekraf.ri @pesona.indonesia @genpiindonesia @indonesiaroamers LOCAL MEDIA PARTNER : @eventjawatimur @ehayokngopi @surabayaguides SUPPORTED BY : @cleopurewater @plazakamera @ifi_surabaya @dignityproduction @ledscreenindonesia @indische1931 @indischenetwork @urtrip.id COMMUNITY SUPPORTED BY : @kungfumedia_ @surabayaguides @homelesscaneat @kawbike @kyy.cc @bimasakticare_official EXHIBITION BY : @urbantoyssurabaya @rfc.surabaya OFFICIAL BEANS BY : @moodmaker.cc WORKSHOP BY : @artonea @bararupa_ @nest.ps POP UP MARKET BY : @persy.id @maquiremqr @cenilwaetoys X @mightymilbo X @robot_cimot X @toysofhendrik X @arengk.id @got.pierced @littletattoosstudio @nakedleatherworks @dokevishoes @lakone.coffee @maniq.panik1 #bodriecoffeefestival #bcf2023 #kitaterkoneksi #bodriepeople,product-focused
fahmiadimara,"ğŸŒ¤ï¸ Aksi Nyata Sekawan Bumi Jaga Alam di Hutan Wakaf YPMğŸŒ± Setelah malam penuh inspirasi diisi dengan diskusi dan observasi, pagi ini kami lanjut dengan aksi konkret menjaga alam di Hutan Wakaf YPM! ğŸ”§ Finishing maintenance pendopo shelter ğŸ—ï¸ Lanjut pembangunan rumah pembibitan pohon di lokasi ke-2 ğŸŒ± Di sini, kami akan memproduksi bibit pohon rimba seperti: Trembesi, Beringin, Nangka, Kopi, Durian, dan masih banyak lagi Langkah kecil ini kami yakini sebagai bagian dari perjuangan panjang dan bentuk konsistensi kami dalam menjaga keseimbangan alam ğŸŒ³ Karena setiap pohon yang tumbuh adalah napas baru untuk generasi masa depan. Kalau kamu punya lahan, komunitas, atau sekadar semangat yang sama untuk merawat alam/hutan di sekitarmu â€” yuk bersama sama kita kolaborasi bareng Sekawan Bumi ğŸ’š Langsung aja DM admin @sekawanbumi dan kita mulai dari hal kecil yang kita bisa lakukan âœŠ #SekawanBumi #HutanWakafYPM #BibitPohon #RumahPembibitan #PerawatanHutan #JagaAlam #AksiNyata #KolaborasiHijau #TanamHarapan #HutanUntukMasaDepan #GerakanHijau",call-to-action
fahmiadimara,"First time ke Korea bukan karena drama, bukan karena K-Drama atau K-Pop! Tapi karena satu kesempatan yang ngubah hidupku. Dari jadi fotografer & travel influencer, sampai akhirnya bisa eksplor Korea Selatan, dari makanan, budaya, sampai momen-momen unforgettable yang bikin aku jatuh cinta sama Korea ğŸ‡°ğŸ‡· Dan sekarang aku lagi berjuang buat balik lagi ke sana lewat program K-Influencer 2025! Yuk, ikuti perjalananku & jangan lupa dukung terus, siapa tahu next trip kita ke Korea bareng! Letâ€™s experience Korea, together! ğŸ‡°ğŸ‡·ğŸ‡®ğŸ‡© @k_influencer_official @koreanet_official @kcc.id #KInfluencer2025 #KoreaVibes #IndonesiaKorea",call-to-action
syaharanieptr,TOLONGğŸ˜­,no meaningful message
syaharanieptr,ğŸ˜”ğŸ˜”,no meaningful message
syaharanieptr,harus disensorğŸ™ğŸ»,no meaningful message
syaharanieptr,creating memoriesğŸ¥¹ğŸ¤,no meaningful message
syaharanieptr,"In her own pace, with her own power. ğŸ“¸ Featured muse: @syaharanieptr She Earns. She Leads. She Glows #BreadwinnerClub #BreadwinnerPhotobooth #MagazinePhotobooth #JakartaPhotobooth #PhotoboothBlokM",product-focused
janicesamanthaa,"kirain semua yg bikin trend ini bakal dapet douyin makeup, trnyata beda2 loh! ğŸ¤£ aku dapet igari makeup hihiiii ğŸ’˜ #makeuptrend #igari #igarimakeup",product-focused
janicesamanthaa,ğŸŒ´ğŸ¥¥ğŸŒº,no meaningful message
janicesamanthaa,"BALI DAY 3! ğŸŒ¼ selama di Bali makeupnya lebih bronzy, banyak pake wrna yg neutral-warm & highlighter ga boleh lupa!! products used: @dalba_indonesia white truffle first spray serum @skintificid perfect stay velvet matte cushion - 02 @luxcrime_id seamless liquid contour - hazelnut @fentybeauty match stix contour stick - amber @esqacosmetics wonder crush serum liquid blush - icons only @jacquelle_official slim brow - dark brown @diorbeauty glow face palette @judydollindonesia 2in1 highlighter contour palette 01 @amuse lip smudger - 02 rose @cliniqueindonesia almost lipstick - black honey @mop.beauty G.W.S - 01 MLBB #islandgirl #islandgirlmakeup #summermakeup #beachmakeup #grwm #makeuptutorial",product-focused
janicesamanthaa,"keracunan sama hairdryer di hotel Shanghai, pas balik indo langsung checkout @laifen.indonesia ternyata BAGUS BGTTTT ğŸ¥¹ğŸ¤ ngeringin rambut jd super cepetttt apalagi rambut aku tebel poool hahaha",product-focused
dellaajocelyn,throwing up my ÊšÉcamera rollá°”á©š,no meaningful message
dellaajocelyn,attached 5 imagesâ‹†Ëšâœ¿Ë–Â°,no meaningful message
dellaajocelyn,album: decemberğŸï¸â™¡,no meaningful message
dellaajocelyn,happiest hereâ‚ŠËšâŠ¹ á°”,no meaningful message
dellaajocelyn,happy in a million little waysâ¸œ(ï½¡Ëƒ áµ• Ë‚ )â¸â™¡,no meaningful message
rowieeka_,Penasaran sama kehidupan jadi Mahasiswa di Korea?ğŸ˜Œ Hello semuanyağŸ‘‹ğŸ» jadi welcome ke page aku yang aku bakalan post banyakkk banget kehidupan sehari-hari aku di Korea sebagai murid di Hanyang University! Dari SENANGNYAâœ¨ sampai REALITANYAğŸ˜­ !! Semuanya akan aku kasih kalian tau!!! Hadi untuk kamu yang pengen datang sini untuk belajar disini ataupun travel! Pastiin Follow & Comment & Tanya apapun yang kamu mau nanya! Akan kubahas satu satu sebisa mungkin!!ğŸ˜† Nice to Meet You! ë˜ ë§Œë‚˜ìš”!!!! #rowiekorea #kuliahluarnegeri #korea #kuliahkeluarnegeri #kuliahdikorea #koreatravel #makanankorea #hanyanguniversity #kulinerkorea #koreatrip #kfood #ktrip #kdrama #kpop #kuniversiry #hanyanguniversity #í•œì–‘ëŒ€í•™êµ #kaburajadulu,personal storytelling
rowieeka_,"DEMI MAKAN INI, AKU HARUS LEWATI HUTAN DAN BADAI... ğŸ˜­ğŸŒªï¸ğŸŒ²ğŸœ #rowiekorea #beginilahrealitanya Enggak, ini bukan drama Korea... tapi literally kisahku demi semangkuk jajangmyeon legendaris yang katanya â€once you eat, you canâ€™t forget.â€œ Tempat ini udah buka puluhan tahun, isinya cuma local ajumma-ajumma, dan nggak bisa delivery harus ke sana langsung. Masalahnya... tempatnya tuh bukan di tengah kota, tapi di balik bukit, harus jalan kaki dari halte terakhir, dan waktu aku ke sana... hujan, badai, angin topan level â€™hati yang ditinggal pas lagi sayang-sayangnyaâ€˜. Aku sempet mikir, â€Ngapain sih, cuma demi mie hitam doang?â€œ TAPI PAS SUAPAN PERTAMA... AKU LANGSUNG DIAM. INI ENAK BANGET TERUTAMA yang suka SEAFOOD Kuah kentalnya tuh nggak terlalu manis, lebih ke gurih asin, irisan bawangnya banyak, seafood nya tuh bukan potongan kecil pelit, tapi full fullan! Dan mie-nya... kenyalnya tuh kaya hubungan yang sehat: nggak lembek, nggak keras, pas. Aku sampai mikir, mungkin badai itu adalah ujian... dan jajangmyeon ini hadiahnya. ğŸ–ï¸ Kalau kamu suka jajangmyeon yang lebih traditional dan nggak terlalu instan vibes, you HAVE TO try this one. ğŸ“ ì‚°íƒ€ì˜ ëŒì§œì¥ (Santaâ€™s Dol Jjajang) ğŸ’¸ 20,000â‚©~ ( for 2 people portion ) . Follow aku buat rekomendasi makanan lokal Korea yang worth the struggle ğŸ«¶ #RowieEkaEats #ohmygyeonggi2025 #2025OMG #Gyeonggi_story #ohmygyeonggi #gyeonggido #JajangmyeonChallenge #MakanSampaiDapat #KFoodHunt #MieHitamLegend #ê°„ì¥ê³„ì¥ #ì–‘ë…ê²Œì¥#ìì§±ë©´ #ì´ì²œë§›ì§‘ #icheonrestaurant #gyeonggido #icheon",call-to-action
rowieeka_,"STOPPP! Ini bukan Incheon, ini Icheonâ€¼ï¸ Yang sering salah baca, merapat dulu deh ğŸ˜† Soalnyaâ€¦ ternyata Icheon tuh gak cuma outlet doang loh! Nih aku kasih 3 spot kece yang bisa banget buat one-day trip penuh healing, makan enak, dan foto-foto aesthetic! 1. ì‚°íƒ€ì˜ ëŒì§œì¥ (Santaâ€™s Dol Jjajang) ğŸ¦€ğŸœ Jjajangmyeonnya ENAK BANGET dan ada rasa seafood yang rich ada juga potongan kepiting ( ì–‘ë…ê²Œì¥ ) yang juicy, makin nikmat kalau makannya rame-rame! âœ¨ Disajikan di hotplate besar, lengkap sama telur puyuh, jagung, dan sayur segar. Bikin kenyang dan puas! Ini aku berdua aja KENYANG PARAH! jadi bisa untuk kira kira 3-4 orang 2. ì½”ì½”ë§ë””ë¸Œ (Coco Maldives + Nevol the Sunset CafÃ©)ğŸ–ï¸â˜•ğŸ° Kayak lagi di resort tropis! Ada kolam renang biru jernih, rumah-rumah kecil lucu yang ngambang, dan vibe yang super chill. Aku mampir ke cafenya juga, dan view-nya BIKIN BETAH. Perfect banget buat healing sambil minuman segar apalagi pas summer & cake cantik. 3. ì• ë ¨ì • (Aeryeonjeong) ğŸ›–ğŸª´ Buat yang suka tempat tenang dan vibe tradisional Korea, wajib mampir ke hanok ini. Bisa duduk-duduk santai, foto-foto ala drama, dan menikmati danau di sekitarnya. ğŸƒğŸ“¸ Jadi next time kalau ada yang bilang â€œmau ke Incheon,â€ tanya lagiâ€¦ Incheon apa Icheon nih? ğŸ‘€ #HiddenGemKorea #IcheonTrip #KulinerKorea #rekomendasirowie #koreatrip #icheon #ohmygyeonggi2025 #2025OMG #Gyeonggi_story #ohmygyeonggi #gyeonggido #ì• ë ¨ì • #ì½”ì½”ë§ë””ë¸Œ #ì‚°íƒ€ì˜ëŒì§œì¥",call-to-action
rowieeka_,"KOREA TINGGAL DI TAHUN 3000?!!!ğŸ˜± #rowiekorea #beginilahrealitanya Iya, nggak salah baca guys. Saking majunya teknologi di sini, berasa hidup di masa depan! Kalo dulu cuma bisa nonton dan ngebayangin aja dilayanin sama robot, kamu bisa ngerasain langsung di cafe ini, lho. Nih, lokasinya ku spill di bawah ğŸ“Ground Blue49 di Hi Insa-dong, Gwanhun-dong, Jongno-gu, Seoul #Koreatinggalditahun3000 #RobotCafe #SuperchargeKorea #kuliahdikorea",call-to-action
rowieeka_,"Koreaâ€™s internet speed? GAK ADA LAWAN! ğŸ‡°ğŸ‡·âœ¨ #rowiekorea #beginilahrealitanya Bukan cuma buat scrolling TikTok tanpa loading, tapi juga jadi alasan kenapa Korea itu surganya e-sport dan digital culture! Kemarin aku mampir ke PC Bang di Seoul... dan wow, pengalaman nggak bisa terlupakan Kalau kamu ke Korea, mau cobain juga nggak? ğŸ“Lol Park, Seoul #InternetSpeed #Esport #SuperchargeKorea #kuliahdikorea",call-to-action
m.auliarhman,Nyoba lagu dia @fajarnurdiansyah_ bagus banget ya!ğŸ¥¹âœ¨ Song : Tahta Hatiku From : @fajarnurdiansyah_ #beranda #galau #berandainstagram #lagugalau #tahtahatiku #fajarnoor,personal storytelling
m.auliarhman,Lagi ngeliatin dia sama yang lain ğŸ¥€ğŸ™‚â€â†•ï¸ Song : Diujung Jalan From : @inisierra_ #beranda #galau #berandainstagram #lagugalau #galaubrutal #coverlagu,personal storytelling
m.auliarhman,Masih ada yang relate ?ğŸ¥€ Song : Diujung jalan From : @inisierra_ #beranda #galau #berandainstagram #lagugalau #galaubrutal #coverlagu #diujungjalan,engagement-inviting
m.auliarhman,Terlalu candu tapi sakit si !ğŸ¥€ Song : Diujung jalan From : @inisierra_ #beranda #galau #berandainstagram #lagugalau #galaubrutal #coverlagu #diujungjalan #inisierra #sierra,personal storytelling
m.auliarhman,Fashion metal nyanyi lagu metal â Fashion metal nyanyi lagu pop galau âœ… Song : Bertahan untukmu From : Aulia Rahman #beranda #galau #berandainstagram #lagugalau #galaubrutal #coverlagu #bertahanuntukmu,personal storytelling
mhumprey,"What a beautiful sunrise and lucky us to see three of turtles. Bener ya.. Laut itu indah banget, tapi lebih indah kalau diselami ğŸ’™ ğŸ“Gili Trawangan - Lombok, NTB ğŸ‡®ğŸ‡© #freediving #diving #underwater #underwaterphotography #freedive #ocean #apnea #freediver #sea #gopro #underwaterworld #nature #travel #freedivingphotography #onebreath #photography #freediverlife #uwphotography #fishing #underwaterphoto #marinelife #adventure #DiIndonesiaAja #WonderfulIndonesia #gilitrawangan #explorelombok #deepbluecoast #IndoUnderwater #IndonesiaUnderwater #HumpreYours",personal storytelling
mhumprey,"Water connects all things, life to death, darkness to light. -Tsireya ğŸ“· @agul_bottom ğŸ¤¿ @freediving_society Sport apparel @waldos.id #freediving #diving #underwater #underwaterphotography #freedive #ocean #apnea #freediver #sea #gopro #underwaterworld #nature #travel #freedivingphotography #onebreath #photography #freediverlife #uwphotography #fishing #underwaterphoto #marinelife #adventure #DiIndonesiaAja #WonderfulIndonesia #gilitrawangan #explorelombok #deepbluecoast #IndoUnderwater #IndonesiaUnderwater #HumpreYours",personal storytelling
mhumprey,â˜€ï¸,no meaningful message
mhumprey,Disconnect to reconnect with what truly matters ğŸƒ #HumpreYours #LifeOffline #GunungKuta #TrekkingVibes #NatureHeals #DisconnectToReconnect #ExploreIndonesia #HikingLife #MountainEscape #AdventureModeOn,personal storytelling
mhumprey,"ğŸš£â€â™‚ï¸ Masih di Jakarta, tapi rasanya kayak lagi eksplor hutan Amazon! â  Main ke TWA Mangrove Angke Kapuk, kamu bisa kayaking sambil nyusurin jalur air di tengah hutan mangrove yang rimbun dan tenang. â  Di sini kita bisa ketemu burung kuntul, bahkan biawak sama ular airâ€”sambil seru-seruan, kita juga belajar tentang pentingnya ekosistem mangrove buat bumi ğŸŒ±ğŸŒŠ â  Weekend escape yang nggak jauh, tapi ngasih pengalaman yang dalam. #HumpreYours â  Thanks to @exploraseatravel Kak @mamanggala udah ajak main kesini ğŸƒ #TWAMangroveAngkeKapuk #MangroveJakarta #KayakingJakarta #WisataAlamJakarta #ExploreJakarta #HiddenGemsJakarta #EcoAdventure #WisataMangrove #SustainableTravel #KelanaKota #NatureEscape #ForestyVibes #WeekendJakarta #UrbanNature",personal storytelling
fernandofenlee,para pengabdi mekuncrit ğŸ«¶ #hungryforskincare #pengabdiestetik,no meaningful message
fernandofenlee,"DM gue kalo mau tau cara beli rice serum FFY versi JUMBO ğŸ˜Œ Biar sekalian elunya yang masuk ke dalem botol serum, pake serum sebadan ğŸ˜™ @finallyfoundyou.id #finallyfoundyou",call-to-action
fernandofenlee,"Coba kasih tau gue, mana di antara 4 cleansing oil ini yang udah pernah lu cobain atau lagi penasaran mau cobain??? Kalo belom pernah coba semuanya, keterlaluan ğŸ˜¤",engagement-inviting
fernandofenlee,"Kulit kusem, minyakkan, tapi dompet pas2an??? Jangan sedih ğŸ™…ğŸ» 3 produk ini bisa bikin kulit lu lebih sehat tanpa bikin kantong bolong ğŸ¤­",engagement-inviting
fernandofenlee,"BEELOVED afternoon tea sesh with @guerlain in collaboration with @stregisjakarta ğŸ I canâ€™t recall the last time I tried an oil serum that feels as light as water, yet leaves this luxurious slip reminiscent of oil, that is the Abeile Royale youth watery oil serum âœ¨ Iâ€™m in awe ğŸ¥¹ğŸ«¶",product-focused
iman.indonesia,"Tulisan untuk @lastlovemii @nicetrymii @mitwooooooo & the next penerusnya Media sosial sering dianggap ruang bebas, tapi banyak yang lupa kalau kebebasan itu ada batasannya. Komentar di akun orang lain itu sama aja kayak masuk ke rumah mereka. Lo gak bisa asal nyelonong tanpa â€œketok pintuâ€ atau bilang â€œpermisiâ€. Apalagi kalau yang lo sampein adalah komentar negatif yang sering kali lebih tajam dari kenyataan. Yang lebih ironis, orang yang paling sering ngehina biasanya gak pernah â€œngaca diriâ€. Begitu dikritik balik, malah marah-marah, nyerang, atau buru-buru kunci akun. Bukannya kalau lo berani ngasih komentar, lo juga harus siap nerima balasan? Sebenernya, daripada lo buang energi buat nyinyir dan ngehina orang, kenapa gak fokus buat perbaiki diri sendiri? Rawat diri, olahraga, baca buku, atau lakuin sesuatu yang bikin lo lebih berkembang. Lo bakal kaget seberapa banyak hal positif yang bisa lo dapetin kalau lo berhenti sibuk ngurusin hidup orang lain. Pikiran lo bakal lebih terbuka, dan lo gak bakal gampang terjebak mentality iri atau dengki. Karena sering kali, komentar negatif itu lahir dari rasa kurang puas sama hidup sendiri, bukan karena kesalahan orang lain. Daripada sibuk ngejatuhin orang lain, kenapa gak pake energi itu buat bangun kebiasaan baik yang bisa bawa lo lebih jauh? Fokus ke diri sendiri itu bukan cuma bikin lo lebih bahagia, tapi juga bikin hidup lo lebih berarti. Ini bukan soal baper. Orang-orang seperti lo wajib disadarkan, karena perilaku kalian itu bakal ngasih efek buruk, bukan cuma buat yang lo hina, tapi juga buat lingkungan sosial media secara keseluruhan. Sosial media harusnya jadi tempat buat belajar, berbagi, dan berkembang, bukan ladang buat saling menjatuhkan. Kalau gak ada yang ngingetin, budaya toxic ini bakal terus dianggap normal. #tulisIman #imanpulungan #proudlybataknese #batakprideâœ¨ #segasemigadun #segasehatgagah",brand awareness
iman.indonesia,"Setiap kali gw mau join alat di gym, selalu aja ada aja tipe orang yang langsung ngelototin duluan, kayak gw baru aja nyuri tempat duduknya. Padahal ini bukan private gym, ini tempat umum. Fasilitas bersama. Alatnya terbatas, member-nya banyak. Jadi wajar dong kalau sharing. Tapi tetep aja, masih ada orang yang bersikap kayak alat itu warisan nenek moyangnya. Begitu gw minta join, yang sebenernya hak semua member, ekspresi langsung berubah: jutek, marah, terus keluar jurus, â€œGw masih pake, masih banyak set.â€ Ya terus kenapa? Lu kan juga ada waktu istirahat antar set. Nah, waktu lu rehat itu, gw bisa pake. Saling gantian itu hal paling dasar dalam etika nge-gym. Kalau semua orang egois, ya rusak sistemnya. Ini bukan tempat lu sendiri, ini ruang publik. Jadi kalau lu belum siap buat berbagi alat, kayaknya sih lu juga belum siap buat ada di gym. Atau mungkin lebih cocok sewa gym pribadi aja. Ingat: alat di gym itu bukan punya lu doang.",personal storytelling
iman.indonesia,"Hadirnya sebagian WNI di luar negeri yang alih-alih membawa citra positif bangsa, justru memperburuk persepsi publik negara setempat terhadap kita semua. Bukan karena mereka tak mampu secara finansial, tapi karena mereka tak siap secara mental dan sosial. Kelakuan yang tidak menghormati norma dan ketertiban publik, entah itu berteriak di ruang umum, berperilaku norak, atau merasa diri â€œberhakâ€ mengekspresikan nasionalisme secara tidak pada tempatnya, adalah bentuk rendahnya kesadaran diri sebagai tamu di negara orang. Problemnya bukan pada aksi sesaat. Tapi pada kecacatan mental kolektif yang tidak membedakan antara ruang pribadi dan ruang publik, antara ekspresi diri dan gangguan sosial. Yang lebih mengganggu: ketika kritik dilontarkan, justru dibalas dengan pembelaan yang penuh emosi, seolah merasa kebebasan berekspresi adalah lisensi untuk mengabaikan tata krama. Pertanyaannya: mengapa kita begitu mudah keluar negeri, tapi gagal membawa standar perilaku minimum sebagai warga global? Apakah sudah waktunya kita mempertimbangkan bahwa syarat menjadi representatif di luar negeri tidak cukup hanya dengan paspor dan dana, tapi juga dengan etika, kontrol diri, dan kemampuan untuk membaca konteks budaya? Ini bukan soal membatasi orang pergi ke luar negeri. Tapi soal tanggung jawab. Karena perilaku individu di luar negeri akan selalu menjadi wajah kolektif bangsa. #tulisIman",personal storytelling
iman.indonesia,"Serum lo beneran ada vitamin C-nya atau cuma klaim manis doang? Buktiin aja sendiri di rumah dengan eksperimen sederhana. Gini caranya: 1. Siapin serum vitamin C yang lo mau tes 2. Siapin air putih secukupnya di wadah bening 3. Tetesin cairan iodine ke dalam air sampai warnanya oranye kecokelatan 4. Lalu tetesin serum vitamin C ke larutan tersebut 5. Aduk perlahanâ€¦ dan perhatiin baik-baik Kalau larutannya berubah jadi bening, itu tanda ada vitamin C aktif di dalam serum lo. Soalnya vitamin C (ascorbic acid) itu antioksidan kuat, bisa â€œnetralinâ€ warna gelap dari iodine. Ini gw ngetes pakai @kiehlsid Kiehlâ€™s Clearly Corrective Dark Spot Solution, serum activated vitamin C yang memang udah terkenal dengan kandungan vitamin C aktifnya dan bener aja, larutannya langsung bening! Catatan aja ya, ini bukan uji lab yang super detail, tapi lumayan bgt buat tahu apakah produk yang kita pakai itu bener-bener ngasih kandungan aktif atau cuma modal branding doang ğŸ˜… Bisa dicoba sendiri di rumah, seru dan bikin kita makin peka sama klaim skincare.",call-to-action
iman.indonesia,"Makan itu pilihan. Tapi hasilnya nggak bisa dipilih seenaknya.â€ ğŸ“Œ Clean eating mode ON Kulit bening, badan enteng, energi stabil. Makan sayur, protein cukup, gula & gorengan dibatasi. ğŸ“Œ Makan bebas tanpa rem Jerawat muncul, badan bloated, nambah berat tanpa sadar. Minum manis tiap hari, junk food jadi camilan. Nggak harus makan rebus terus, tapi kalau tiap hari junk food terusâ€¦ jangan kaget kalau badan protes.",personal storytelling
nitaoktarr,Do good even if not perfect.âœ¨ Whatever the challenge be yourself. ğŸ¤ #dontjudge #dontmanipulate,personal storytelling
nitaoktarr,@stellarissa for @dewimag @jfwofficial 2023ğŸ–¤ Choreographed by mas @panca_m #jfw #runway #catwalk,no meaningful message
nitaoktarr,"Hey everyone! Iâ€™m back! ğŸ‘‹ğŸ‘‹ Thank you sooo much ya buat support yang udah kalian kasih untuk aku. Muchas gracias buat supportive comments and DMs yang kalian kirim buat aku selama ini. Iâ€™m so sorry belum bisa ngasih performa terbaik di episode kali ini.. ğŸ¥º But I am sooo happy being part of Indonesiaâ€™s Next Top Model Cycle 2. Aku sangat bersyukur untuk semua ilmu dan pengalaman yang aku pelajari selama masa karantina. From bottom two, and finally got FCO was like roller coaster for me! I was super nervous at the first episode, tapi alhamdulillah aku bisa terus fokus dengan tujuan dan diriku sendiri sampai diposisi sekarang. Yeay!! My support system Mamah Papah Makasih selalu menguatkan dan mempercayai aku. Love you ğŸ’• Thank you mentors Kak @lunamaya kak @ganegani Kak @panca_m and also kak @ivan_gunawan untuk semua masukan dan arahan yang pasti bermanfaat banget buat aku kedepannya. ğŸ¤—ğŸ¤—Thank you  team @intm_nettv , juga team make up, wardrobe dll sudah memberikan yg terbaik untuk penampilan aku lebih stand out. ğŸ¥°ğŸ¥° And i would like to say thank you banget banget buat yg bikin @nitaoktarrcetar @nita.intm @teamnita_intmc2 hahahaha kalian baik banget Love!â¤ Thank youuu. To my beloved girls @odddyy20 @faradinamaliaa @helenhiuu @sarahtumiwa @alfirdalifia @evannywityo @peacejemima @tiffany_jolie semangaaat! Kasih yg terbaik yaaa, see you guys on top!! Fashion stylist @nikomridwan Photographer @abimanyu_arif And team @ratna_ind",personal storytelling
nitaoktarr,@superstarweddingexhibition at Sudirman Grand Ballroom 28-29 June 2025 âœ¨ Makeup @rizkiiicanmua X @ayungberinda Attire @ayungberinda #weddingdress #makeup #exhibition,no meaningful message
nitaoktarr,@thesecretworldofran for @indonesiafashionweekofficial âœ¨ @jimmodels #runway #fashion #model #catwalk #indonesiafashionweek,no meaningful message
tiffanyfani,Tungguin eksklusif interview di @tonightshow_net âœ¨ Happy banget bisa ketemu langsung sama @nanon_korapat yang super multitalentedğŸ¥¹ kalau da senyum tuhğŸ« ğŸ«  gemesğŸ˜ŒğŸ˜Œ duhhh bahaya nih ka @bellakanigara setiap interview nambah bias mulu yang adağŸ¤£ğŸ¤£ #nanon_korapat #nanon1stsolofanconjkt,personal storytelling
tiffanyfani,"\Pain is never permanent, but tonight is killing me.\You know it won't gonna last forever. It's okay to feel that pain in that momentâœ¨ Senang banget dapat kesempatan interview bareng member Neck Deep. They are so friendly btw terutama Ben vocalistnya ğŸ¥¹ Berkat kesempatan ini aku jdi dengar lagu dari mereka. Ternyata ga yang serock dari keliatannya dan bagus2 lagunya.. #tonightshow #neckdeep",personal storytelling
tiffanyfani,"First time!!ğŸ¥¹Thankyou @tonightshow_net da kasih kesempatan interview boyband korea @trendz_offcl âœ¨ One of my wishlist come trueğŸ¥ºğŸ«¶ğŸ¼âœ¨ pas tahun 2016 pernah nulis resolusi 5 tahun kedepan bisa ada di posisi iniğŸ¥¹ and now I have that chanceğŸ¥¹ğŸ™ğŸ¼âœ¨ awalnya sempat ragu apa aku bisa ga yağŸ¥º tapi aku pikirnya why not yg penting pelajarin dan berikan yang terbaikğŸ’ªğŸ¼ Hopefully Friendz bisa happy juga ya dengan adanya interview iniğŸ«°ğŸ» All the members are so friendly btwğŸ¥¹ Bangun subuh demi hafal portfolio Trendz jadinya nambah bias deh akunyağŸ˜… Bias aku ada di slide 8ğŸ™ˆ Pas awal2 sampai tangan ku geter sangking ga nyangka aja gtğŸ¥² tapi berusaha ttap cool pdhal jantungnya da dugun dugunğŸ¥² sampai pas dibagi album kedapetan yg kasih ke aku tuh si Eunil dongğŸ«  wahhh sampai ngomong aja ga benerğŸ¥² sblum aku ambil video aku izin dulu kan ke member.. masak aku bilang \I take the video gpp?\"" ğŸ˜‚ğŸ˜‚ Fany fany kalau kaget jangan sampai gt juga ga siğŸ˜Œ But yeah over all ini pengalaman yg tak terlupakanğŸ«°ğŸ» Dari fto keliatan kan ya seberapa bahagianya diriku iniğŸ˜Œ Ditunggu video btsnya yaa~ ìˆ˜ê³ í–ˆì–´ @trendz_offcl ë§Œë‚˜ì„œ ë°˜ê°€ì›Œìš”~~ #trendz #kpop #íŠ¸ë Œë“œì§€""",personal storytelling
tiffanyfani,"Ga pernah segitunya untuk war tiketğŸ¥² Kemaren pas tau jadwal war ticket, langsung kagett gett get kok bisa pas banget jadwal war tiket fansmeet bogum n konser NCT berbarengan di hari yang sama. Dilema banget kalau suruh pilih yang mana. Bogum tuh di tahta pertama idola TiffanyZ. Sedangkan NCT yang selalu memotivasi dri dlu pas pandemi. Masing-masing tuh penting. Jadilah deg2annya tuh double hari iniğŸ˜­ Tapi hari ini tuh diajarin untuk selalu bersyukur dengan apa yang sudah kita dapatkan. Ya namanya manusia selalu ga puas apalagi ga sesuai dengan plan kita diawal. Rasanya tuh kecewa campur aduk tapi semua itu ada hikmahnya ges. Semua akan indah kalau memang itu rejekimu y rejekimuğŸ™ŒğŸ¼ Sekian. #fangirlingmode #parkbogum #tds4 #nctdream",personal storytelling
tiffanyfani,"âœ¨ 10 years in the making... Today, Iâ€™m finally ready to share something very personal. A dream Iâ€™ve carried even before Haengun was born â€” and itâ€™s about to come true. ğŸ˜­ğŸ’– 12 years in the modeling & entertainment industry have shaped this vision, and now... itâ€™s finally happening. Any guesses what this project might be? ğŸ‘€ Hint: Itâ€™s connected to my journey, my passion, and my love for helping others build confidence â€” especially kids. ğŸ’« Set your alarm â€” Iâ€™ll reveal EVERYTHING today at 5 PM sharp â° Canâ€™t wait to finally spill it to you all! ğŸ«¶ ğŸ¥ Drop your guesses below! ğŸ‘‡ğŸ‘‡ğŸ‘‡ #personalcolor #personalcoloranalysis #personalcolormedan #personalcolorjakarta #modeling",personal storytelling
ajengptrn,"NGAPAIN PERSONAL COLOR? ğŸ’¸ Aku juga punya pikiran kaya gitu kok, tapi emang kalian gak penasaran tuh shades foundation kalian apa? Biar gak kegelapan atau keterangan lagi. Gak penasaran lip shades terbaik yang bisa kamu pake? Biar gak neon dan bisa compliment fitur wajah & warna kulit kamu. Kupikir kemahalan TAPI ENGGA! Sekali seumur hidup cobain biar lebih paham apa barang dan warna yang terbaik yang bisa kamu pilih! Itâ€™s easier to find shades, outfit combo, even glasses & parfume!ğŸ¤¯âœ¨ Ada banyak package yang ditawarin @colorharmony.id kok kalian bisa pilih sampe yang terlengkap ada konsul & makeover ğŸ¥° Penyampaiannya mudah dimengerti, certified langsung dari Gangnam, Korea! Details banget aku suka dan untuk aku yang sehari-hari mainan warna ini jelas banget sampe aku banyak â€œwoaaaahâ€ wkakwkak Ada yang ajak temennya, saudara bahkan sekeluarga dateng. Karena memang tiap orang bisa berbeda-beda loh personal color-nya meskipun 1 keluarga. Menarik ya? Komen tag temen atau keluarga kalian yang mau kalian ajak kesini! ğŸ˜†â¤ï¸âœ¨",call-to-action
ajengptrn,"[SAVE N SHARE!!] Biar douyin lips berhasil.. ini tipsnya!! 1. Pucetin / ratain warna bibir pakai concealer atau base lipcream. Jangan terlalu banyak produk tapi yaaaa 2. Conceal area luar bibir biar membentuk bibir yg pouty & full ditengah! 3. Pakai lipcreamnya dikit aja yaaa aku langsung pake lipcream merah karena kalo diblend dia akan pudar warnanya!! Ini lipcoat @blpbeauty shade Bloody Mary 4. Blendnya lipcream dulu, usahain pake brush! Jangan dikatup bibirnya! Karena nanti berantakannğŸ«  5. As you can see lipcreamnya jadi tebel kann makanya aku blend concealer diluar setelahnya! Bikin lebih pink, ngeblurr & pudar jadinya! Gapapa! Ingat less is more ğŸ¤ğŸ¼ğŸ˜† 6. Kalian bisa tambahin lipgloss bening atau kalo mau lebih â€˜fullâ€™ pake yg ada warnanya! Glossnya dari BLP juga ya ini Lip Vinyl shade Glass âœ¨ğŸ‘Œ Komen dong kalian berhasil atau gagal bikin douyin lips!? Rumit ya yuyur ğŸ¤£ğŸ¤£ tapi hasilnya beda kan dari ombre biasa?? ğŸ˜†âœ¨",call-to-action
ajengptrn,"[SAVE THIS] Pas ngintip tutorial MUA yang aku follow, fomo banget kalo aku gapunya juga! Wkwkwk jadi ketagihan dehh karena satisfying bgtğŸ˜‚ğŸ¤ŒğŸ¥° @everlaskin Refine gentle aqua gel ya namanya, boleh cek review di e-commerce juga! Emang bagus nih produk ga bikin iritasi karena sensitive skin loving ğŸ¥°ğŸ¤— Meski gak suka makeup tebel, sesekali exfo kulit kalian pake produk yg gentle kaya gini! Supaya kotoran yg byumbat pori keangkat sekaligus sama sel kulit mati! ğŸ’–",call-to-action
ajengptrn,"Cara test kaya gini tuhâ€¦ bener juga yağŸ˜‚ Bahkan yg kupake tinted lipbalm REKA juga yg creamy & melt! Ternyata bisa se-stay itu ğŸ˜³ Lagi rame cara ngetest powder dengan cara pakai lipstick (di compare) dan hasilnya memang seadanya seperti itu ya ğŸ™†ğŸ»â€â™€ï¸âœ¨ Kecil kecil cabe rawit sih ini @rekacosmetics mana namain produknya In Real Life Skin Filter, yang mana aku setuju!! Sangat blurr, halus dan bisa nahan base makeup bawahnya lebih lama ğŸ’— Udah cobain belom? Sampe ko Philips bahas terus di tiktok loh ini! Cobainnnn deh!âœ¨ğŸ’— #rekaloosepowder #produkviral #loosepowder #makeuphacks",call-to-action
ajengptrn,"Sesekali boleh lah main ke @mvs.nails buat coba treatment FOOTSPA! Karena worth it sihhh ini bener-bener bersih, lembab, halus banget kakiku!! Somehow aga cerahan juga ga siii? ğŸ˜—ğŸ‘ Footlogic treatment harganya 200K lebih dikit, tapi LENGKAP BANGET!! Kalau mau yang lebih affordable tapi hasil juga oke, cobain Footspa by Kumi di harga 100K-an! Cusss treatment disini @mvs.nails TAPI jangan lupa appointment dulu ya! ğŸ™†ğŸ»â€â™€ï¸ğŸ’—ğŸ«¶ğŸ»âœ¨",call-to-action
jhonrchristhoper,"Okay, itâ€™s time for me to explain the reason behind the IKEA funnel that I used as a dripper for @amadeoyurcel to compete in the IBRC yesterday, so I donâ€™t need to explain one by one the DMs from my friends ğŸ¤£. So last year when the regional ICE LEAGUE was going to run, I thought about what dripper I could use for each competitor I trained. I love innovation, new drippers and new brewing techniques. However, I feel that the price of new drippers is getting more expensive, while many baristas in Indonesia have to save up to buy new drippers, so that is a problem that must be solved. Many may not know that barista salaries in Indonesia are low. Let alone buying competition coffee, buying a dripper that costs more than 500,000 rupiah is already a burden for them. Then one day when @mandiesoengkono and I were shopping at IKEA, my eyes were drawn to a bright yellow object on the shelf. After I looked closely, it turned out to be a multi-purpose funnel. I was initially interested because the color was yellow, the same as the @fugolcoffeeroasters logo. However, after I looked again, I realized that this funnel has a similar angle of inclination to a UFO dripper. THE PRICE IS VERY CHEAP, ONLY 20,000 rupiah! I immediately took a lot, but at that time Mandie doubted whether it could really be used for the competition. I felt challenged, I bought it and tried to prove that it could work. Some friends just laughed and thought I was joking when I said I would use this funnel for the competition. Well the rest is history. Deo made it to the national finals using this! ğŸ¤£ğŸ¤£ğŸ¤£ Thank you for the enthusiasm and support from all my friends, hopefully there will continue to be new innovations in the world of brewing.",personal storytelling
jhonrchristhoper,"Puji syukur dan dimuliakanlah nama Tuhan Yesus atas hasil yang @mandiesoengkono dapatkan di World Cup Tasters Championship Athens 2023. Tuhan begitu bermurah hati kepada Mandie sehingga memberikan rank 2 world. Di tengah segala kondisi yang tak menentu, dan banyak tantangan yang kami hadapi sehingga Mandie akhirnya harus berangkat sendiri tanpa gw. Hal ini merupakan hal yang sangat berat bagi diri gw karena gw merasa gak mungkin ninggalin Mandie sendirian disana. Namun kenyataan harus dihadapi, dia tetap harus berangkat dan bertanding apapun kondisinya and the rest is history. Terima kasih kepada @aksi_scai @daryantowitarsa dan segala volunteer Indonesia yang berhasil mengadakan kompetisi nasional dengan standar yang tinggi dan bisa mensupport Mandie hingga akhirnya bisa bertanding di Athena. Thanks juga kepada teman-teman Indonesia @yessyliaviolin @_hirosan @mikaeljasin @reyherbert sama cewe @p.vinsensius disana yang mau nemenin mandie ya haha. Thanks team support WCTC Bali @vitoadi @sensakoffie yang udah mau menjadi benteng takeshi untuk mandie. Latihan disana memberikan insight baru buat mandie dan terutama gw untuk tau kelemahan mandie sehingga bisa mengatur strategi. Thanks @muchfit @karakterkopi.denpasar saudara baru kami yang benar2 sangat suportif membantu persiapan kami di bali. Udah jadi kita geng takut istri kodonggggg ğŸ¤£ wkwkwk Thanks brother @korean_sca_trainer . We wouldn't be able to do it without the knowledge, passion, and prayers that you share with us. May your life always be an instrument of God's kingdom and glorify God always in this industry. God bless you. Thanks @nick.rozental for cheer and giving wisdom for mandie and sent me a picture that looks like a father and daughter haha! Thanks team @fugolcoffeeroasters kalian selalu yang terbaik! Thanks semua supportnya @tanatapcoffee @antoniusrichard @tikadwiputri @mirayudha @rockyrockers terima kasih! Apa pun juga yang kamu perbuat, perbuatlah dengan segenap hatimu seperti untuk Tuhan dan bukan untuk manusia. Kamu tahu, bahwa dari Tuhanlah kamu akan menerima bagian yang ditentukan bagimu sebagai upah. Kristus adalah tuan dan kamu hamba-Nya. Kolose 2 : 23-24",personal storytelling
jhonrchristhoper,"Hari ini kita akan bahas sesuatu yang sering dianggap simple tapi punya pengaruh besar dalam hasil akhir seduhan kopi, yaitu paper filter! Di video ini, kita akan membandingkan tiga varian dari seri CAFEC THâ€”yaitu TH1, TH2, dan TH3. Masing-masing filter dirancang dengan struktur dan karakteristik berbeda yang memengaruhi laju aliran air, ekstraksi, dan tentunya hasil akhir seduhan. Kalau kamu masih bingung pilih filter mana yang cocok buat gaya seduh kamu, video ini bisa jadi panduan penting. Kita bahas lengkap mulai dari struktur kertas, proses pembuatannya, hingga hasil seduhannya. (ADA KUIS BERHADIAH) Pastikan nonton sampai habis, karena di akhir video ada kuis seru seputar topik yang kita bahas hari ini. - Buat yang mau ikutan, tulis jawaban kamu di kolom komentar - Akan ada 5 pemenang beruntung yang masing-masing akan mendapatkan 1 pack beans Fugol, langsung dikirim ke rumah kalian. Jadi, jangan sampai kelewatan ya! Tonton video selanjutnya di YouTube Fugol dan temukan paper filter yang paling pas untuk kamu menyeduh! #fugolcoffeeroasters #greatcoffeeforgreatpeople",personal storytelling
jhonrchristhoper,"TIMBANGAN KOPI BISA ATUR FLOW RATE AIR! TIMEMORE SCALE BLACK MIRROR DUO @timemore.id @timemoreproducts Terimakasih pertama-tama untuk Timemore yang sudah berbaik hati mengirimkan scale canggih ini ke kepada kami. Hari ini kita mau bahas salah satu timbangan kopi yang bisa bantu kamu seduh kopi dengan lebih presisi, TIMEMORE BLACK MIRROR DUO! Pernah nggak sih, beli beans mahal tapi rasanya nggak maksimal pas diseduh di rumah? Atau rasa seduhan kurang optimal? Bisa jadi jawabannya ada di flow rate air. Apakah tuangannya udah stabil? Flow Rate air ternyata bisa memengaruhi hasil seduhanmu! Nah, TIMEMORE BLACK DUO hadir bukan cuma sebagai timbangan biasa. Alat ini bisa bantu kamu pantau dan atur flow rate saat menuang air, fitur unik yang bikin seduhan lebih konsisten dan terukur. Yuk cek video selengkapnya di channel youtube fugol! #fugolcoffeeroasters #greatcoffeeforgreatpeople",call-to-action
ryanwibawa,"â€œEach coffee has its own beauty that comes from its different regions, varietals, and processing methods. This cup will showcase how diversity in coffee can come together in harmony, just like all of us here. This will not only celebrate coffeeâ€™s potential but also my countryâ€™s spirit, Bhinneka Tunggal Ika, which means â€˜Unity in Diversity.â€ Thank you, Chicago; youâ€™ve been amazing to me. To the @worldcoffeechampionships , judges, and volunteers, thank you for your hard work and dedication. No matter where we come from, we are united by one thing: coffee. Iâ€™m grateful to share this tasting experience and Bhinneka Tunggal Ika on the world stage. This one is for Indonesia ğŸ‡®ğŸ‡© Congratulations to @martinwoelfl_mw, our 2024 World Brewers Cup Champion! You are amazing!! Lastly, the job is not done; itâ€™s just beginning. Hopefully, with what Iâ€™ve achieved, I can bring a positive impact to my country and the coffee industry. â€œYou are the salt of the earth. You are the light of the world. Let your light shine before others, so that may see your good works and give glory to your Father who is in heaven.â€ - Matthew 5:13-16 #bhinnekatunggalika ğŸ“·: @tonypramana @worldcoffeechampionships",personal storytelling
ryanwibawa,To God be the glory âœ¨,no meaningful message
ryanwibawa,"â€œIâ€™m reminded that what I do here is not only about me but representing everyone behind the coffee that I bringâ€ I wonâ€™t be able to get through this alone; Iâ€™m able because of the great people surrounding me. To ko @daryantowitarsa , thank you so much for making this dream come true. Since day one, you asked me what my goal is, and I said I want to come back to the world stage, and you make it happens. Thank you for your support; this trophy I dedicated to you. Youâ€™re truly a leader and role model. To @astonutan , who always pushes me to become the best, always cares about me, and asks how Iâ€™m doing before I go to Chicago. Thank you so much; I wonâ€™t be able to get through this without your support. And also @ystanu , thank you for believing in me and giving me moral support before I went to the competition. Thank you so much! I owe so much to the three of you. ğŸ™ğŸ» To my family and especially my wife @sashaiguana ;who always prays for me, supports me in many ways. Youâ€™re the best; youâ€™re my best support system. You always believe and keep telling me that I can, you believe in my dream. Thank you so much, and sorry for always making you cry in every announcement. ğŸ˜† To @emifukahori , youâ€™re the best coach, truly the best. I really cherish the journey that weâ€™ve made. Iâ€™ll remember this memory for my whole life. I couldnâ€™t have done it without you. #brewtwice @commongroundsid family!! @yessyliaviolin @mikaeljasin @p.vinsensius @hakimazzam thank you for the help during preparation!! Also, to @mamespecialtycoffee , who roasts my Windy Ridge Geisha, @commongroundsid , who roasts my Ombligon, and @onwardcoffeecompany , who roasts my Excelsa; this is the unity in diversity that I didnâ€™t mention in my presentation, but Iâ€™m so grateful to be able to work with you guys. And thank you @longboard_coffee @lohasbeans @fincadiviso @rainaldi for amazing coffee. #bhinnekatunggalika Thank you.",personal storytelling
ryanwibawa,"Mau cappuccino yang creamy dan seimbang? Microfoam jadi kunci utamanya. Teknik steaming yang tepat bantu munculkan tekstur halus dan rasa alami dari susu. Pilih Hometown 100% fresh milk, tanpa tambahan gula & pengawet dan tentunya siap elevate rasa kopi kamu. @hometowndairy.id #GetHometown #PilihanParaBarista #TheFreshestandCreamiestMilkinTown",engagement-inviting
robby.firlian,"Finally, with great excitement, we officially announce @robby.firlian as the Brand Ambassador for @Izensso.id & @vicenzaflavors. His passion, creativity, and dedication to the world of coffee truly reflect the values we uphold. This collaboration marks a bold step into the future, where innovation and creativity in the coffee world come together to create a truly exceptional experience. #RobbyFirlian #BrewWithPassion #Izensso #Vicenza #VicenzaSyrup #VicenzaGourmet #Raptor #CanonPro #Canon #MGICoffee #VicenzaIndonesia #IzenssoIndonesia",product-focused
robby.firlian,INDONESIA! ğŸ‡®ğŸ‡© #roadtobrazil #indonesia #latteart #champion #worldcoffeeevents #WLAC2018 #teamrobs,personal storytelling
robby.firlian,INDONESIA goes to Semifinal !!! ğŸŒˆğŸ”¥ğŸ‡®ğŸ‡© #godspeed #indonesia #latteart #champion #WLAC2018,no meaningful message
robby.firlian,Simple pattern of the day #patternoftheday #potd #teamrobs #indonesialatteartchampion #wlac2018 #baristadaily #baristalife #latteart,no meaningful message
robby.firlian,"Makasih ya @missiburoaster kopinya, enak! Btw kecepetan nih bikin kopinya, Istri gue masih belom kelar catokan sama make upnya ğŸ˜– #teamrobs #indonesialatteartchampion #wlac2018 #baristadaily #baristalife #latteart #champion #teamrobsxizennso #izensso #collaboration",product-focused
annabellwijono,ãƒ¬ã‚¢ãƒãƒ¼ã‚ºã‚±ãƒ¼ã‚­ğŸ§€ğŸ° | Japanese Cheese Cakeâœ¨ by Barista Jepang @annabellwijono â€¢ â€¢ â€¢ #cheesecake #rarecheesecake #japanesecheesecake #cakephotography #aestheticcake #cakeart #cakelover #japanesecake #foodphotography #foodstyling #dessertphotography #baristajepang,no meaningful message
annabellwijono,Orange CoffeeğŸŠâ˜•ï¸ *full recipeâ€”> check my reels Ngga nyangka ternyata Jus Jeruk & Kopi itu enak banget lo guys! Sampai ketagihan tiap hari minum ini selama 2 mingguğŸ˜­ â€¢ â€¢ â€¢ #kopi #jusjeruk #coffeegram #orangecoffee #kopipagi #kopiindonesia #resepkopi #kopilokal #kopienak #kopikekinian #foodphotography #drinkphotography #foodphotographyandstyling #baristajepang #coffeephotography,product-focused
annabellwijono,"â€œTelur Gulungâ€ğŸ’°2.000.000 IDR Indonesian Classic Dish: Egg Rolls served with high quality Tomato Sauce & Cheese CrÃ¨me, garnished with Fried Garlic and a hint of Lemon ZestğŸ’ğŸ»â€â™€ï¸ ğŸ³ğŸ“· food & photos by @annabellwijono @bell.annabelll ğŸ§‘ğŸ»â€ğŸ’»edited by @jeremyelmer_ â€¢ â€¢ â€¢ #telurgulung #masakanindonesia #fancyfood #eggrolls #indonesianfood #indonesiafoodies #telur #influencersurabaya #foodphotography #foodphotos #foodphotographyandstyling #foodplating",product-focused
wilmpratamaa,tutorial - Story Jernih VN ğŸ“² Pernah ga sih ? Kalian yang udah kualitas video bagus editing dan lainnya loh tapi kenapa masih burik bang ? Pengaturan dari export VN kalian apakah sudah beresolusi seimbang apa belum ? #tipsandtricks #sharingiscaring #carouselpost #nextlevelinstagram #typographyinsta #typographyinspired #garagarainstagram #typhographyindonesia #creativepost #typographyinsta #creativemultiplepost #creativeenthusiast #vscoindonesian #zonafotografi #mainsimple #shotonsony #bandung #lightroom #fromwhatisee #instacreative #somewheremagazine,personal storytelling
wilmpratamaa,Nature Photography â€¢ Visual nature Dari perjalanan dengan jarak tempuh selama kurang lebih 40km melewati perjalanan darat dengan melalui perbukitan yang berkelak kelok ğŸƒ Menggunakan motoran dapet bonus vibes per kabutan yang epic dan udara dingin segar masyaallah. #creativeenthusiast #creativemultiplepost #typographyindonesia #creativepost #typographyinsta #garagarainstagram #instagramjournal #naturephotographer #natureaddict,personal storytelling
wilmpratamaa,tutorial - Story No Burik ğŸ“² Pernah ga sih ? Kalian yang udah kualitasnya foto bagus editing dan lainnya loh tapi kenapa masih burik bang ? Pengaturan dari akun instagram kalian apakah sudah ber resolusi tinggi apa belum ? #tipsandtricks #sharingiscaring #carouselpost #nextlevelinstagram #typographyinsta #typographyinspired #garagarainstagram #typhographyindonesia #creativepost #typographyinsta #creativemultiplepost #creativeenthusiast #vscoindonesian #zonafotografi #mainsimple #shotonsony #bandung #lightroom #fromwhatisee #instacreative #somewheremagazine,personal storytelling
wilmpratamaa,"Abadikan momen sempurna dengan #GalaxyS25 Edge! Ringan, tipis, dan memiliki Kamera 200MP. #GalaxyS25 Edge dapat menghasilkan foto & video super tajam dan jernih, plus ada fitur LOG Video untuk hasil sinematik! Beli sekarang di samsung.com/id atau Samsung Store terdekat #GalaxyAI #BeyondSlim @samsungindonesia",call-to-action
wilmpratamaa,"Hi, Kenalkan aku Will Mencoba untuk bisa berkembang kembali di instagram, yang sudah cukup tertinggal dari kawan2 lainnya. Semoga karya yang akan rilis dapat menginspirasi kawan kawan di sana yang sama terus untuk bertumbuh. Salam hangat, bg will #typographyinspired #aesthetic #photographer #garagarainstagram #natureofinstagram",personal storytelling
fuad.aliromadoni,"Curug Gomblang- Surga tersembunyi di kaki gunung Slamet - - Kembali ber-Multiplepost, setelah dipostingan sebelumnya kita sharing materi, Disini saya mencoba kembali ber-Multiplepost, walaupun sempet buntu konsep di pertengahan jalan, tapi akhirnya selesai juga, Alhamdulillah. . . #creativemood #creativepost_id #creativepost #creativepostindo #creative #mobilephotography #mobileediting #creativemultiplepost #creativeentusiast #creativity #creativefeeds #feedsinstagram #feedaesthetic #multiplepost #homeeditorid #wonderfullindonesia #pesonaindonesia #banyumaskeren #lightroomindonesia #lightrooms #picsart #picsartedit #pixellab #purwokertohunting #purwokertohitz #banyumashits #banyumasexplore #purwokertoonline #typografi #typhographyindonesia",personal storytelling
fuad.aliromadoni,"BUKIT JATISEWIT Inilah petualangan di akhir pekan kali ini, berkunjung ke bukit yang sangat indah, bukit Jatisewit. . . Selamat membaca dan silahkan tinggalkan like dan komen dibawah sebagai penyemangat dalam ngonten. . Sampai jumpa di feed selanjutnya. . . #shotonphone #garagarainstagram #semuatypography #duniatypografi #typographyindonesia #homeeditorid #homeeditorphoto #creativepost_id #creativemood #creativepost #creativepostindo #creativemultiplepost #typographydesign #typography #wonderfullindonesia #purwokertokeren #purwokertoonline #banyumas #cilongokhitz #lightroomindonesia #pixellab #shotonxiaomi #backtonature #naturevibes #naturephotography #mountains #bukit #purwokertohunting",personal storytelling
fuad.aliromadoni,"Halo guys sudah siap bertualang lewat multiplepost? Eh, ngga ngga, ini bukan postingan 'Adventure in Carousel' kali ini cuma postingan random biasa, hehe. Bisa dibilang, ini adalah Recap journey selama bulan Mei, walaupun ngga semua aku masukin si, soalnya di galeriku udah kebanyakan mentahan, sampe bingung milihnya ğŸ—¿ *Ngadain FTE seru kali ye? Hehe Btw, kalian ngerasa kalau bulan Mei itu berasa kek lama banget gasi? Buset, tanggalnya ga abis-abisâ˜ï¸ğŸ˜ #backtonature #kembalikealam #lovenature #instagrammagazine #instastoryideas #instacreativestories #madewithstories #instamagazine #creativeinstagrampost #creativepost #creativeenthusiast #creativemultiplepost #motopakehape #multiplepost #kolasefoto #lonely #journey #jateng #purwokertokeren #purwokerto",call-to-action
fuad.aliromadoni,"Rencana Tuhan adalah sebaik-baik rencana, kita hanya bisa menyemogakan rencana kita, dan semoga 'Kamu' adalah bagian dari rencana Tuhan tersebut lok: Bukit Jatisewit htm: seikhlasnya kamu udah pernah ke Bukit Jatisewit belum? yakali tempat se keren ini ngga kamu datengin, rugi dong jangan lupa follow untuk konten menarik selanjutnya @fuad.aliromadoni @fuad.aliromadoni #lovepurwokerto #purwokertokeren #creativepost_id #purwokertoexplore #kembalikealam #creativeinstagrampost #kolase #sunrise #backtonature #bukitjatisewit",call-to-action
fuad.aliromadoni,"nyatanya di umur 20an, apalagi 20an awal itu rasanya kaya susah aja buat nahan diri buat ngga ngejar validasi dari orang lain ngga di gunung, di kerjaan, masyarakat, semua berbondong-bondong mengejar validasi, padahal jika memang kebunmu memang penuh dengan bunga yang cantik, kamu gaperlu kok memetik dan menunjukkan bunga itu ke semua orang, mereka bakalan tau sendiri tanpa kamu susah payah ngejar validasi, mending fokus memperbaiki diri, iyakan aku nulis apaan dah guys? au ah semoga bermanfaat yaaa jangan lupa follow untuk postingan menarik selanjutnya @fuad.aliromadoni @fuad.aliromadoni #montainesia #pendakikeren #pendakiindonesia #kembalikealam #menitilangkah #creativemultiplepost #multiplepost #instagrammagazine #instacreative #sindoroviaalangalangsewu",personal storytelling
jefdasilvaaa,"Bingung mau nulis caption apa, intinya happy banget dikasih kepercayaan dan kesempatan jadi seorang ayahğŸ¥º semoga laki-laki ini bisa selalu berjuang mengusahakan kebahagiaan kamu ya nak. thank you for all the support you guys given to us ğŸ™ğŸ» God bless! #creativemultiplepost #instamagazine #dailyjournal",personal storytelling
jefdasilvaaa,"Kenalin, INSTAX WIDE EVO! Kamera hybrid kece yang siap nemenin eksplorasi kreativitasmu dari @instaxindonesia Dengan fitur Lens Effect, Picture Style, dan Film Effect, kamu bisa bereksperimen sepuasnya buat hasil foto yang unik dan estetik. Mau vibe retro, klasik, atau modern? Semua bisa! Ditambah format wide, jadi makin puas ngabadikan momen-momen seru kalian. Jadi sudah siap to make every shot a masterpiece? Langsung cobain Instax Wide Evo sekarang ya! #InstaxIndonesia #InstaxWideEvo",call-to-action
jefdasilvaaa,"Unboxing sesuatu yang bikin nostalgia, tapi tetap kece di zaman sekarang! Yes, let me show you Instax Wide Evo âœ¨ Kira-kira, fitur mana ni yang kalian suka? so jangan lama-lama, langsung aja beli Instax Wide Evo dan explore kreatifitas kalian ğŸ”¥ Make Every Shot a Masterpiece ğŸ“¸ #InstaxIndonesia #InstaxWideEvo",call-to-action
jefdasilvaaa,Bosen sama font yang itu-itu aja? hope it help you guys âœ¨ see ya! ğŸ™ŒğŸ» #fontrecommendation #typographyinspired #typographyindonesia #typogrammer #bagijurus #sharingiscaring,engagement-inviting
jefdasilvaaa,"Bikin efek teks gini cuma pake capcut? iya sih mesti pro, tapi ini gue nyoba bisa ga pro ğŸ˜… intinya hope it work and inspire you guys âœ¨ #bagijurus #typographyindonesia #tampildireels #sharingiscaring",engagement-inviting
halohilda_,Sama tapi nggak samağŸ‘€ (mana Hilda yang asli?) #vlog,no meaningful message
halohilda_,Kemana kita? #tamanbungahortensia #tamanbunga #batu #malang #jawatimur #travelling #wisataalam #nature #wisata #trip #terjangkau #wisataterjangkau,engagement-inviting
najhytlby_,"valid ğŸ’¯ pesan untuk kamu yang menjaga diri dari â€œpacaranâ€ : di perjalanan yang panjang ini , jangan jadi milik siapapun dulu yaa ğŸ«µğŸ», sampai kamu bertemu dengan orang yang tepat diwaktu yang tepat ğŸ¤— #reminder #selfreminder #reels #reelsinstagram #quote #katakatabijak #note #katakata #aesthetics #trend #reelsintagram #ootdhijab #vsco #aesthetic #reels #ootd #hijrah #pacaran #istiqomah",engagement-inviting
najhytlby_,"semoga ditengah riuhnya perkembangan zaman yang semakin menggila, kamu harus menjadi gadis manis yang mampu menjaga diri dengan baik, yang tidak menormalisasikan apa yang dilarang oleh agama, semoga hatimu terjaga dari hal-hal yang membuatmu hilang arah dan langkahmu tidak terus bergerak ke jalan yang tidak di ridhoi Allah swt. ib : kakak di vt #reminder #selfreminder #reels #reelsinstagram #quote #katakatabijak #note #katakata #aesthetics #trend #reelsintagram #ootdhijab #vsco #aesthetic #reels #ootd",engagement-inviting
najhytlby_,valid no debat dah ini ğŸ«µğŸ»ğŸ¤£ #sky #skylovers #skyphotography #cloud #clouds #reelsinstagram #aesthetic #reelsvideo #trending #viralvideos #bluesky,engagement-inviting
najhytlby_,"Kadang kita gak sadar Yang bikin kita ngerasa kosong itu bukan karena kurang cinta dari manusia, tapi karena kita terlalu jauh dari Allah. Terlalu sibuk ngejar validasi, terlalu capek ngulang dosa yang sama, tapi gak pernah benar-benar nyamperin Dia. Padahal, rasa bersalah ituâ€¦ bukti paling sunyi bahwa Allah masih manggil kamu pulang. Kamu pernah ngerasa gitu juga gak? Ceritain di komentar yaağŸ¤— #ceritaajasini #reminder #selfreminder #quotes #syukur #creativepost #creativemultiplepost #asikinfeedsmu #sharingiscaring #somewheremagazine #shootonphone #handinframe #humaninterestindonesia #redflags #explorepage #selflove #hijrah #reminderislamic #istiqomah",call-to-action
najhytlby_,"Luka dari rumah, bukan alasan cari pelukan yang salah. Kesepian itu ujianâ€”bukan pembenaran buat maksiat perlahan. Allah gak pernah abai. Jangan balas luka dengan dosa. Yang kamu butuh bukan pelarian, tapi pulang. Jangan cari pembenaran lagi ya kawan, aku lebih yakin kalau kamu sebenarnya tau arah yang tepat buat kembali. Kita jalan pelan-pelan yaaaağŸ«‚ğŸ¤— #ceritaajasini #reminder #selfreminder #quotes #syukur #creativepost #creativemultiplepost #asikinfeedsmu #sharingiscaring #somewheremagazine #shootonphone #handinframe #humaninterestindonesia #redflags #explorepage #selflove #hijrah #reminderislamic #istiqomah",personal storytelling
satasyaaa,"01-06-2025ğŸ’ğŸ¥º â€œYa Allah, seperti Rasulullah ï·º yang penuh kasih sayang kepada Sayyidatuna Khadijah RA, yang selalu menghormati, melindungi, dan mencintainya dengan tulus, kami mohon limpahkanlah cinta dan rahmat-Mu dalam ikatan pernikahan ini. Jadikanlah kami suami istri yang saling menjaga, saling menguatkan, dan selalu berusaha menjalankan sunnah-Mu dalam membina keluarga yang sakinah, mawaddah, warahmah.â€ â€œYa Rabb, ajarkanlah kami untuk mencintai pasangan kami bukan hanya karena dunia, tapi karena-Mu, sebagaimana Nabi mencintai Sayyidatuna Khadijah dengan penuh kesetiaan dan pengorbanan.â€ â€œBerikanlah kami kesabaran dan kelembutan hati dalam menghadapi setiap ujian, dan jadikanlah keluarga kami sumber keberkahan dan kebahagiaan di dunia dan akhirat.â€ Dan terima kasih kepada guru guru Rizky yang telah memberikan nasihat dan menjadi saksi pernikahan kami ğŸ™ğŸ»ğŸ¥º @syababul.kheir @syaugialhabsyi_110 semoga Allah jaga para guru guru kami ya rabb, dimudahkan segala urusan dakwahnya aamiinğŸ¤",personal storytelling
satasyaaa,Alhamdulillah âœ¨,no meaningful message
satasyaaa,Luvvv ğŸ¤ğŸ«¶ğŸ¼âœ¨ @dthree.co.id,no meaningful message
satasyaaa,@lozyhijab ğŸ«¶ğŸ¼,no meaningful message
satasyaaa,ğŸ¤ @dthree.co.id,no meaningful message
sarah.nuruli,"koleksi Authentism gapernah gagal sihhhğŸ¥¹ğŸ«¶ğŸ» bahannya baguuusss banget, motifnya ga yang norakk, bener2 cantik banget looks nyaa, plis kepoin @authentism.id buat kamu yang lagi nyari hijab motif dan hijab poloss yang premiummğŸ«¶ğŸ»ğŸ«¶ğŸ»ğŸ«¶ğŸ» #ootd #ootdhijab #hijabmotif #scraft",call-to-action
sarah.nuruli,sehari bersama para ciwi ini di kebun rayaağŸƒ,no meaningful message
sarah.nuruli,ada yang cantik cantik lagi dari @authentism.id â‹†Ë™âŠ¹â€â™¡ #ootd #patternhijab,product-focused
sarah.nuruli,outfit ku yang kali ini bisa jadi vest tapi bisa juga jadi totebag wkwkw lucu bangatt kan??! lagi lagi outfit gemesh ku ini dari @jilbrave.official âœ¨ğŸ‘€ â€¢ Dhiba Dress - Khaky (size s) â€¢ Yaffa Hijab Malay - Cotton Candy #ootd #ootdhijab #vest,product-focused
sarah.nuruli,"kenalinnn yg aku pake ini The OG Liptint nya @storyofkula ğŸ¤ğŸ‰ selain produknya super duper bagus, KULA juga sering bikin society movement kek ginii lohhâœ¨ cuss kepoin @storyofkula ğŸ‘€ #liptint #palestine #kulasocietymovement",call-to-action
heidyrezky,"Walaupun hidup dar der dor ga karuan, Doa yang sama selalu dipanjatkan. Ada Amin Tetangga Mamakkkkkkk? ğŸ¤",no meaningful message
heidyrezky,Seputar pertanyaaan yang muncul tentang trip 3D2N di Taman Nasional Tanjung Puting. Kalau ada pertanyaan lain jangan sungkan bertanya yah tetangga ğŸ¥° #tanjungputing #tanjungputing_tourism #tanjungputingnationalpark #camplaekey #3D2Ntanjungputing #orangutan #orangutankalimantan,no meaningful message
heidyrezky,"Kadang - kadang hidup gitu ya mak, ada satu moment rasanya pengen banget pasang status galau tapi hidupku lagi baik - baik aja ğŸ¤£ğŸ¤­ Pasti mamak ga sendirian, ayoooo kalian ngakuuuuğŸ¤­",engagement-inviting
heidyrezky,"Cape banget lihat isi galeri, maafkan kegabutan mamak yahhh ğŸ¤£ğŸ¤­ selonjoran mulu di kamar alhasil membedah galeriiiiğŸ¤­ Apakah ini sudah cocok untuk di filmâ€™kan ğŸ¤­",personal storytelling
heidyrezky,"Masih edisi liburan di tanjung puting, saat bersantai sore disepanjang sungai sekonyer selesai trekking di Camp Leakey. Anak - anak bernyanyi lagu kesukaan â€œSelalu Ada di Nadimuâ€ bagaimana menurut onti dan uncle untuk penggalan lagu ini? Cukup memberikan nuansa baru bukan? sambil memandangi keindahan alam sekitar ğŸ¥°",engagement-inviting
dr.farhanialhabsyi,"Cantik itu bukan sekadar tampilan, tapi juga perawatan. Jennifer Ipel memilih dr. Farhani Aesthetic Clinic karena tahu bahwa tampil menawan dimulai dari kulit yang sehat dan terawat. Dengan sentuhan profesional, treatment eksklusif, dan standar estetika tinggi, Jennifer buktikan bahwa tampil glowing dan classy bisa diraih oleh siapa pun. Kini giliran kamu tampil #CantikBerkelas bersama dr. Farhani Aesthetic Clinic. âœ¨ Karena cantik yang sejati, selalu dirawat dengan penuh elegan. Reservasi sekarang agar kamu bisa buktikan hasil treatment ini hanya di FAC ğŸ¥°âœ¨ ğŸ“¢ Konsultasi GRATIS dan informasi lebih lanjut : WA 0811-509-9797 ğŸ© Jl. Pangeran Hidayatullah (Banua Anyar), no. 6, Sungai Jingah. ğŸ• Buka setiap Senin - Minggu, jam 10.00 - 20.00 WITA âœˆï¸ Langsung saja ke klinik dr. Farhani Aesthetic Clinic! Kami tunggu kedatangannya ya !! #aestheticclinic #professionaltreatment #klinikkecantikan #cantikberkelas #drfahaniaestheticclinic #beautifulandyoungwithus #drfahaniaestheticclinic",call-to-action
dr.farhanialhabsyi,"âœ¨BADARAWUHI dateng ke dr. Farhani Aesthetic Clinic!âœ¨ Eh, maksudnyaâ€¦ pemerannya dongğŸ¤­ Yes, Ka @owliasarah Pemeran ikonik di film Badarawuhi di Desa Penari ini memilih kami sebagai tempat healing untuk kulitnya ğŸ’†ğŸ»â€â™€ï¸ğŸ’– Dari hasil skin check bareng dokter kami, Ka Aulia mengalami beberapa concern seperti: ğŸŒ¬ Kulit cenderung kering ğŸŒ« Tampak kusam âš« Komedo putih & hitam yang menumpuk Untuk itu, kami rekomendasikan: ğŸ”¹ Facial Diamond Glow â€” membersihkan kulit dari debu, sel kulit mati, dan komedo. Plus, serum nutrisi khusus yang bikin kulit tampak lebih segar dan cerah âœ¨ ğŸ”¹ Nucleofill â€” perawatan dengan salmon DNA yang bantu regenerasi kulit, memperbaiki tekstur, menyamarkan kerutan halus, dan memberikan hidrasi mendalam hanya dengan 10 titik injeksi. Cocok banget buat kamu yang super sibuk tapi tetap mau glowing & kulit sehat! (âœ¨ Lihat deh ekspresi bahagia Ka Aulia setelah treatment!) ğŸ“½ Sekarang siap lanjut syuting lagi deh dengan wajah fresh & glowing! Kalau kamu juga punya masalah kulit kering, kusam, dan berteksturâ€¦ ğŸ“Yuk, cobain dua treatment ini di dr. Farhani Aesthetic Clinic. âœ¨Tampil #CantikBerkelas mulai dari kulit yang terawat & sehat. Reservasi sekarang agar kamu bisa buktikan hasil treatment ini hanya di FAC ğŸ¥°âœ¨ ğŸ“¢ Konsultasi GRATIS dan informasi lebih lanjut : WA 0811-509-9797 ğŸ© Jl. Pangeran Hidayatullah (Banua Anyar), no. 6, Sungai Jingah. ğŸ• Buka setiap Senin - Minggu, jam 10.00 - 20.00 WITA âœˆï¸ Langsung saja ke klinik dr. Farhani Aesthetic Clinic! Kami tunggu kedatangannya ya !! #aestheticclinic #professionaltreatment #klinikkecantikan #cantikberkelas #drfahaniaestheticclinic #beautifulandyoungwithus #painlessbooster #drfahaniaestheticclinic",call-to-action
dr.farhanialhabsyi,âœ¨ UNBOXING TIMEâœ¨ Rahasia Glow Up mu Ada disini!!! âœ¨ Siapa sangka #CantikBerkelas bisa datang dari sebuah Mystery Box? ğŸ˜ Isinya? Rahasia glowing ala dr. Farhani Aesthetic Clinic yang bikin kamu tampil lebih percaya diri dan memukau ğŸ’– âœ… Product authentic & legal ğŸ“² Dilengkapi QR Code System untuk menjamin keaslian produk! ğŸ“¦ Siap tebak isinya? ğŸ“ Cek sekarang dan temukan kejutan spesialnya! #GlowUpTime #MysteryBoxGlow #drFarhaniClinic #SkincareSurprise #AestheticCare #UnboxingCantik,call-to-action
dr.farhanialhabsyi,"CELLBOOSTER LIFT â€“ Not Your Ordinary Skinbooster! It's time to upgrade your treatment with Cellbooster Lift, CHAC technology from Swiss makes Cellbooster a super class treatment that is clinically proven to improve your skin quality We Trust Cellbooster - The Right Choice for Your Skin Quality @suisselle.pro @st_aes @cellbooster.id #RightChoiceCellbooster #Cellbooster #drfarhaniaestheticclinic #CantikBerkelas",product-focused
kinandaputriii,Keren-keren part 2,no meaningful message
kinandaputriii,Jadi suka kan sama F1,no meaningful message
kinandaputriii,Keren-keren,no meaningful message
kinandaputriii,Kinda miss my long hair ğŸ¥²,no meaningful message
kinandaputriii,Lucu-lucu part 2,no meaningful message
salsaaprtw,Dark spots? Handled!!ğŸ˜ @glad2glow #darkspotmoist #377moist #moisturizerviral,product-focused
salsaaprtw,ğŸ‚ğŸ¤,no meaningful message
salsaaprtw,when you mix comfort with confidenceğŸ¤³,engagement-inviting
salsaaprtw,ğŸ‘’âœ¨,no meaningful message
khalisyarenata,â¤ï¸,no meaningful message
khalisyarenata,so beautyy,no meaningful message
khalisyarenata,its been a whileee,no meaningful message
khalisyarenata,<33,no meaningful message
khalisyarenata,â˜ƒï¸,no meaningful message
laurenzetira,tak lupa absen manyunğŸ‘ŒğŸ»,no meaningful message
laurenzetira,from this tiny bean to 22âœ¨,no meaningful message
laurenzetira,"Kamu bisa dapet invitation ke ulang tahun Anak Owner kalau cek postingan ini! Bulan ini Anak Owner bakal ngadain pesta ulang tahunnya, nih detailnya di bawah ya! ğŸ“EJ Peace Coffee 2.0 Jl.Mutumanikam No.69, Kota Bandung ğŸ—“ï¸ 28 Juni 2025 ğŸ•§ 19.00 - Selesai 50 komen terunik bakal dapet undangan + free coffee dari Anak Owner. Yuk buruan komen di bawah?",call-to-action
laurenzetira,â€œgaya gimana lg ya?â€ typa pose,engagement-inviting
laurenzetira,dim sum-body say yum?ğŸ§¡ğŸ¥Ÿ,no meaningful message
great.ej,Ngerjain kak EJ ğŸ¤­,no meaningful message
great.ej,Tampang mah nomer sekian yang penting punya VALUE !!! ğŸ¥°â¤ï¸,engagement-inviting
great.ej,INDAHKUS : CHINA UDAH JAUH LEBIH MAJU DARI INDO â‰ï¸ AKU KABUR AJA DULU KE NEGERI CHINAâ€¼ï¸,engagement-inviting
great.ej,"KING IDRIS : LAHIR NORMAL, UMUR 10 BULAN INI YANG TERJADIâ€¼ï¸â€¼ï¸ ADA YANG JANGGAL DENGAN AKUâ‰ï¸",engagement-inviting
great.ej,CUSTOM skin HANZO @great.ej di antos project selanjutanya ğŸ¤­ #custommazda6 #mazdaspeed #mazda6 #jdm #custombodykitbandung #diybodykit,product-focused
raflihidayatulloh,ujung2nya burst fade lagi #ejpeace #mlbb,no meaningful message
raflihidayatulloh,miya atau layla? #ejpeace #mlbb,engagement-inviting
raflihidayatulloh,singkatan AFK? #ejpeace #mlbb,engagement-inviting
raflihidayatulloh,spill hero favoriteğŸ˜ #ejpeace #mlbb,engagement-inviting
raflihidayatulloh,gaya burung,personal storytelling
agangani94,Clean. Modern. Satisfying. the @royalkludge_official RK L75 fits right into my setup ğŸ–¤ love the sleek design and smooth typing feel Simplicity done right. ğŸ‘Œ,product-focused
agangani94,Smartwatch lain: hitung langkah PEJE BAND 1 : hitung dzikir juga! ğŸ¤² Fitur tasbih digital buat kamu yang pengen ibadah tetap on track.,product-focused
agangani94,"Biar gaya makin keren, ibadah juga makin teratur ğŸ’¯ PEJE ZW03 â€“ smartwatch buat kamu yang pengen hidup lebih tertata & tetap on time sholat ğŸ•Œâœ¨ Smartwatch dari @pejesmartwear_id yg se keren ini harganya cuma 500rb aja!",product-focused
agangani94,"Ini sih gak cuma kerja, tapi ekspresif banget! LED Display nya tuh imut banget. Walaupun imut, tapi power nya gak main2 broook! @ugreenid Robot Uno by @unitag_store emg terbaik sih ini ğŸ¥¹",product-focused
kennygerald,SUDAH SIAAP BELUUMM?? ğŸ”¥ Tonight 9 PM subathon ke empat bareng MAB18 dengan tema #temontapimenikah bakalan nemenin kalian selama ramadhan Thank you buat artwork nya bro bro LFG âš¡ï¸ 30 hari pasti bisaaaaaa ~ harusssss ğŸ¤™ğŸ½ Langsung gas YOUTUBE.COM/QORYGORE ğŸš¨,engagement-inviting
kennygerald,"Selalu ada cerita di setiap kilometer nya, itulah fungsi intercom. Biar gak ngantuk. ğŸ¤™ğŸ» Bekasi - Jogja, 2025.",engagement-inviting
kennygerald,THANK YOU ğŸ¤™ğŸ½ #TemonTapiMenikah Subathon 4.0 (30/30),no meaningful message
kennygerald,MAB CHALLENGE MINGGU TERAKHIR DAYM ğŸ¦ Ga kerasa 30/30 mau beresss subathon mab 18 ğŸš¨ Youtube.com/qorygore,personal storytelling
kennygerald,MAB SHOW MINGGU KETIGA BBC SANLAT ğŸ¤™ğŸ½ğŸ¤™ğŸ½ğŸ¤™ğŸ½ Berhasil sampai minggu ketiga (23/30) Live MAB18 akan mempersembahkan MAB SHOW MALAM INI Jam 9 PM WIB â° BAR BAR CLASS SANLAT PESANTUY KILAT di Youtube.com/qorygore ğŸš¨ Bareng @cokipardedebebas langsung merapaaaat skukukukukuy Ini Bar Bar Class Live Special Ramadhan Exclusive untuk subathon ke empat kita di tahun 2025 Thank you for yall support #brobrogore #lololo SPAM o7 o7 o7 LETSGOO ğŸ”¥ğŸ”¥ğŸ”¥,personal storytelling
