instagram_account,post_id,post_caption,comment,comment_likes
aurelvo_,post_002,"timeless outfit details : choco dress @mango (the key of the looks!) bag @katespadeny bracelet @the palace_id #timelessstyle #outfitoftoday #elegantstyle","ğŸ˜ğŸ˜",0
aurelvo_,post_002,"timeless outfit details : choco dress @mango (the key of the looks!) bag @katespadeny bracelet @the palace_id #timelessstyle #outfitoftoday #elegantstyle","aduhhh buuuk cakepnyooğŸ˜",0
aurelvo_,post_003,"here is the detail product used : - tinted glass H2Oil shade ""pink plastic"" (1st shade) - tinted glass H2Oil shade ""wife me up"" (2nd shade) both from @madformakeup.co ğŸ¤ #lipgloss #lipswatches #makeup","pertama",0
aurelvo_,post_003,"here is the detail product used : - tinted glass H2Oil shade ""pink plastic"" (1st shade) - tinted glass H2Oil shade ""wife me up"" (2nd shade) both from @madformakeup.co ğŸ¤ #lipgloss #lipswatches #makeup","Cakep banget lipsticknyaa",0
aurelvo_,post_003,"here is the detail product used : - tinted glass H2Oil shade ""pink plastic"" (1st shade) - tinted glass H2Oil shade ""wife me up"" (2nd shade) both from @madformakeup.co ğŸ¤ #lipgloss #lipswatches #makeup","wowwwğŸ˜ğŸ˜ğŸ˜ bagus bgtt",0
aurelvo_,post_004,"when the complexion and highlighter do my makeup so wellâœ¨â£ï¸ . . . . . #glowymakeup #naturalmakeup #beauty","â¤ï¸â¤ï¸",0
aurelvo_,post_005,"yesterday's activities : ğŸ§ºğŸ’","ğŸ˜",0
aurelvo_,post_005,"yesterday's activities : ğŸ§ºğŸ’","Cantip lighting nya pun estetik ğŸ˜",0
aurelvo_,post_005,"yesterday's activities : ğŸ§ºğŸ’","ğŸ§ºğŸ˜ğŸ«°ğŸ»",0
aurelvo_,post_005,"yesterday's activities : ğŸ§ºğŸ’","@chiarleyquinn mmmğŸ˜’ğŸ«°ğŸ»",0
aurelvo_,post_006,"attended the ""Grand Opening GUESS Accessories"" with their newest collection and newest concept store at @summareconmall.bandung go there now girls! @guess @gilangagung.id ğŸ¤ oh! with their collaboration tho @josefabakery @cottoncandy_and_snack_corner @instaxindonesia @onthepenthays @steybyhery","Gorgeous!ğŸ˜ğŸ”¥",0
aurelvo_,post_006,"attended the ""Grand Opening GUESS Accessories"" with their newest collection and newest concept store at @summareconmall.bandung go there now girls! @guess @gilangagung.id ğŸ¤ oh! with their collaboration tho @josefabakery @cottoncandy_and_snack_corner @instaxindonesia @onthepenthays @steybyhery","arghhh gemessss,.,maauuu 1 dunkkkkâ¤ï¸ğŸ”¥",0
aurelvo_,post_006,"attended the ""Grand Opening GUESS Accessories"" with their newest collection and newest concept store at @summareconmall.bandung go there now girls! @guess @gilangagung.id ğŸ¤ oh! with their collaboration tho @josefabakery @cottoncandy_and_snack_corner @instaxindonesia @onthepenthays @steybyhery","Mau dong tas nya",0
aurelvo_,post_006,"attended the ""Grand Opening GUESS Accessories"" with their newest collection and newest concept store at @summareconmall.bandung go there now girls! @guess @gilangagung.id ğŸ¤ oh! with their collaboration tho @josefabakery @cottoncandy_and_snack_corner @instaxindonesia @onthepenthays @steybyhery","@wida_hastuti beli dulu bundğŸ˜Œ",0
bellmirs,post_007,"Hai! Styling paling gampang andalan akuğŸ«¶ğŸ» #bellmirsoutfithacks Vol.1","Waah maacii mamabeyğŸ˜ğŸ‘",0
bellmirs,post_007,"Hai! Styling paling gampang andalan akuğŸ«¶ğŸ» #bellmirsoutfithacks Vol.1","Lah bener ya.....kok bisa kepikiran si mama bey ğŸ¤­ğŸ¤­ğŸ™ğŸ™",3
bellmirs,post_007,"Hai! Styling paling gampang andalan akuğŸ«¶ğŸ» #bellmirsoutfithacks Vol.1","Njannnn WKWKWK ngapain lagi dia? ğŸ˜‚",1
bellmirs,post_007,"Hai! Styling paling gampang andalan akuğŸ«¶ğŸ» #bellmirsoutfithacks Vol.1","Waaah kerenğŸ˜",0
bellmirs,post_007,"Hai! Styling paling gampang andalan akuğŸ«¶ğŸ» #bellmirsoutfithacks Vol.1","Ada aja idenyaa mantap mamabeyy",0
bellmirs,post_007,"Hai! Styling paling gampang andalan akuğŸ«¶ğŸ» #bellmirsoutfithacks Vol.1","AHAHAHAHAHA KOBISAAAğŸ˜­",0
bellmirs,post_007,"Hai! Styling paling gampang andalan akuğŸ«¶ğŸ» #bellmirsoutfithacks Vol.1","Kreatifffff ğŸ”¥ğŸ”¥ğŸ”¥",0
bellmirs,post_007,"Hai! Styling paling gampang andalan akuğŸ«¶ğŸ» #bellmirsoutfithacks Vol.1","ğŸ˜ğŸ˜ğŸ˜",0
bellmirs,post_008,"Matcha vibes & Zen in a cupâœ¨ğŸŒ¿","Syahdu bgt klo bisa me time begini ğŸ˜ğŸ˜ğŸ˜",0
bellmirs,post_009,"Belanja online emang praktis, tapi belanja di store juga seru karena bisa nyobain langsung yang pas di kita. Aaaak bagus bagus banget?! Tapi jawaban bojo sangat (nampak) cari amanâ˜ºï¸ Menurut temen-temen, yang mana favorite look kalian? Comment dibawah! #IamWearingKlamby #BanggaPakaiKlamby","Masyaallah",0
bellmirs,post_009,"Belanja online emang praktis, tapi belanja di store juga seru karena bisa nyobain langsung yang pas di kita. Aaaak bagus bagus banget?! Tapi jawaban bojo sangat (nampak) cari amanâ˜ºï¸ Menurut temen-temen, yang mana favorite look kalian? Comment dibawah! #IamWearingKlamby #BanggaPakaiKlamby","Masyaallah kak bel mah nggak ada yang nggak cocok mau pake outfit apa aja tetep kece dan syantikkk bgt ğŸ”¥ğŸ”¥",2
bellmirs,post_009,"Belanja online emang praktis, tapi belanja di store juga seru karena bisa nyobain langsung yang pas di kita. Aaaak bagus bagus banget?! Tapi jawaban bojo sangat (nampak) cari amanâ˜ºï¸ Menurut temen-temen, yang mana favorite look kalian? Comment dibawah! #IamWearingKlamby #BanggaPakaiKlamby","Ijin ibu, apapun yg dikenakan ibu semuanya cantik ditambah lagi menggunakan produk dari Klamby prive collection, semua jenis modelnya cantik dan pas untuk di gunakan di acara formal ataupun informalâ£ï¸âœ¨",1
bellmirs,post_009,"Belanja online emang praktis, tapi belanja di store juga seru karena bisa nyobain langsung yang pas di kita. Aaaak bagus bagus banget?! Tapi jawaban bojo sangat (nampak) cari amanâ˜ºï¸ Menurut temen-temen, yang mana favorite look kalian? Comment dibawah! #IamWearingKlamby #BanggaPakaiKlamby","Camila cantik sekaliiiiğŸ˜",0
bellmirs,post_009,"Belanja online emang praktis, tapi belanja di store juga seru karena bisa nyobain langsung yang pas di kita. Aaaak bagus bagus banget?! Tapi jawaban bojo sangat (nampak) cari amanâ˜ºï¸ Menurut temen-temen, yang mana favorite look kalian? Comment dibawah! #IamWearingKlamby #BanggaPakaiKlamby","MasyaAllah cantik banget, mau juga dong ğŸ˜â¤ï¸",0
bellmirs,post_009,"Belanja online emang praktis, tapi belanja di store juga seru karena bisa nyobain langsung yang pas di kita. Aaaak bagus bagus banget?! Tapi jawaban bojo sangat (nampak) cari amanâ˜ºï¸ Menurut temen-temen, yang mana favorite look kalian? Comment dibawah! #IamWearingKlamby #BanggaPakaiKlamby","Masyaallah cantik banget, suka yang Lavina ğŸ˜â¤ï¸â¤ï¸",0
bellmirs,post_009,"Belanja online emang praktis, tapi belanja di store juga seru karena bisa nyobain langsung yang pas di kita. Aaaak bagus bagus banget?! Tapi jawaban bojo sangat (nampak) cari amanâ˜ºï¸ Menurut temen-temen, yang mana favorite look kalian? Comment dibawah! #IamWearingKlamby #BanggaPakaiKlamby","Noveli shirt bagus bgtt ada brukatnya cocok dipake event resmi ataupun casual ditambah kulot referensi dari mamabeyyyğŸ¥°ğŸ”¥",0
bellmirs,post_009,"Belanja online emang praktis, tapi belanja di store juga seru karena bisa nyobain langsung yang pas di kita. Aaaak bagus bagus banget?! Tapi jawaban bojo sangat (nampak) cari amanâ˜ºï¸ Menurut temen-temen, yang mana favorite look kalian? Comment dibawah! #IamWearingKlamby #BanggaPakaiKlamby","Liandra cakep mamabeyğŸ˜",0
bellmirs,post_009,"Belanja online emang praktis, tapi belanja di store juga seru karena bisa nyobain langsung yang pas di kita. Aaaak bagus bagus banget?! Tapi jawaban bojo sangat (nampak) cari amanâ˜ºï¸ Menurut temen-temen, yang mana favorite look kalian? Comment dibawah! #IamWearingKlamby #BanggaPakaiKlamby","ğŸ˜ğŸ˜ğŸ˜ğŸ˜",0
bellmirs,post_009,"Belanja online emang praktis, tapi belanja di store juga seru karena bisa nyobain langsung yang pas di kita. Aaaak bagus bagus banget?! Tapi jawaban bojo sangat (nampak) cari amanâ˜ºï¸ Menurut temen-temen, yang mana favorite look kalian? Comment dibawah! #IamWearingKlamby #BanggaPakaiKlamby","Camila blouse set kak!ğŸ˜ cakep sekali, warnanya kalem, terlihat elegan, cocok dipake buat nongki2 santai maupun buat acara resmi/kondanganğŸ˜ƒ",0
bellmirs,post_009,"Belanja online emang praktis, tapi belanja di store juga seru karena bisa nyobain langsung yang pas di kita. Aaaak bagus bagus banget?! Tapi jawaban bojo sangat (nampak) cari amanâ˜ºï¸ Menurut temen-temen, yang mana favorite look kalian? Comment dibawah! #IamWearingKlamby #BanggaPakaiKlamby","Klo kak @bellmirs yg pake mah jadi cakep semua. Tapi aku prefer noveli sih kak , karna cocok untuk formal maupun casual ğŸ˜",0
bellmirs,post_009,"Belanja online emang praktis, tapi belanja di store juga seru karena bisa nyobain langsung yang pas di kita. Aaaak bagus bagus banget?! Tapi jawaban bojo sangat (nampak) cari amanâ˜ºï¸ Menurut temen-temen, yang mana favorite look kalian? Comment dibawah! #IamWearingKlamby #BanggaPakaiKlamby","Aku suka yg Lavina! Punya kesan classy, tapi tetap ada kesan cantik di kancing dan bawahnya. Cocok untuk sehari2 tidak too much ğŸ˜, cocok untuk antar jemput anak ke sekolah, cocok untuk ngantor, cocok untuk bisniswoman untuk meeting dgn client, cocok buat ketemu mertua ataupun sekedar nongkrong di cafe/mall. Pokoknya cantik, simple, classy, elegannya PAS ğŸ‘ŒğŸ»",0
bellmirs,post_009,"Belanja online emang praktis, tapi belanja di store juga seru karena bisa nyobain langsung yang pas di kita. Aaaak bagus bagus banget?! Tapi jawaban bojo sangat (nampak) cari amanâ˜ºï¸ Menurut temen-temen, yang mana favorite look kalian? Comment dibawah! #IamWearingKlamby #BanggaPakaiKlamby","Aku suka noveli blouse kak! Bagus kalem cocok aja gitu untuk hang out, dan ngopi cantik bareng bestieğŸ˜â¤ï¸ğŸ™Œ",0
bellmirs,post_009,"Belanja online emang praktis, tapi belanja di store juga seru karena bisa nyobain langsung yang pas di kita. Aaaak bagus bagus banget?! Tapi jawaban bojo sangat (nampak) cari amanâ˜ºï¸ Menurut temen-temen, yang mana favorite look kalian? Comment dibawah! #IamWearingKlamby #BanggaPakaiKlamby","Camila cantiiikkğŸ˜",0
bellmirs,post_009,"Belanja online emang praktis, tapi belanja di store juga seru karena bisa nyobain langsung yang pas di kita. Aaaak bagus bagus banget?! Tapi jawaban bojo sangat (nampak) cari amanâ˜ºï¸ Menurut temen-temen, yang mana favorite look kalian? Comment dibawah! #IamWearingKlamby #BanggaPakaiKlamby","Masyaallahhh cakeepppp kak belll cocookkkkkkkk dipakainya ğŸ¥°ğŸ¥°ğŸ¥°ğŸ©·ğŸŒ¸",0
bellmirs,post_009,"Belanja online emang praktis, tapi belanja di store juga seru karena bisa nyobain langsung yang pas di kita. Aaaak bagus bagus banget?! Tapi jawaban bojo sangat (nampak) cari amanâ˜ºï¸ Menurut temen-temen, yang mana favorite look kalian? Comment dibawah! #IamWearingKlamby #BanggaPakaiKlamby","Cocook dan cakeppp semua kakkkk.. aku lebih sukak kak bel pakai yang lavina ğŸ˜ğŸ˜ modisss dan kecee paraahhh â¤ï¸â¤ï¸",0
bellmirs,post_009,"Belanja online emang praktis, tapi belanja di store juga seru karena bisa nyobain langsung yang pas di kita. Aaaak bagus bagus banget?! Tapi jawaban bojo sangat (nampak) cari amanâ˜ºï¸ Menurut temen-temen, yang mana favorite look kalian? Comment dibawah! #IamWearingKlamby #BanggaPakaiKlamby","Bagus semua kakbell @bellmirs tp yg noveli cakep bgt. Bisa buat hangout juga acara formal ğŸ˜",0
bellmirs,post_009,"Belanja online emang praktis, tapi belanja di store juga seru karena bisa nyobain langsung yang pas di kita. Aaaak bagus bagus banget?! Tapi jawaban bojo sangat (nampak) cari amanâ˜ºï¸ Menurut temen-temen, yang mana favorite look kalian? Comment dibawah! #IamWearingKlamby #BanggaPakaiKlamby","Lavina dan Liandra bagus banget. Lavina cocok sekali untuk hang out, acara anak di sekolah, meeting dan acara santai lainnya. Nah kalau Liandra cocok sekali untuk kondangan, hadir di acara wisuda, atau dipakai saat hari raya. Pokoknya 2 look ini bagus banget, simple tapi mewah. Tapi kalau disuruh pilih 1 ya pasti LavinağŸ˜ tapi untuk Kak @bellmirs cocok semuanyağŸ˜",0
bellmirs,post_009,"Belanja online emang praktis, tapi belanja di store juga seru karena bisa nyobain langsung yang pas di kita. Aaaak bagus bagus banget?! Tapi jawaban bojo sangat (nampak) cari amanâ˜ºï¸ Menurut temen-temen, yang mana favorite look kalian? Comment dibawah! #IamWearingKlamby #BanggaPakaiKlamby","Cantik semua mamabeyğŸ˜tapi yang paling akhir aku lebih suka bangetttğŸ”¥â¤ï¸noveli shirt",0
bellmirs,post_009,"Belanja online emang praktis, tapi belanja di store juga seru karena bisa nyobain langsung yang pas di kita. Aaaak bagus bagus banget?! Tapi jawaban bojo sangat (nampak) cari amanâ˜ºï¸ Menurut temen-temen, yang mana favorite look kalian? Comment dibawah! #IamWearingKlamby #BanggaPakaiKlamby","ğŸ˜ğŸ˜ğŸ˜ğŸ˜ liandra",0
bellmirs,post_009,"Belanja online emang praktis, tapi belanja di store juga seru karena bisa nyobain langsung yang pas di kita. Aaaak bagus bagus banget?! Tapi jawaban bojo sangat (nampak) cari amanâ˜ºï¸ Menurut temen-temen, yang mana favorite look kalian? Comment dibawah! #IamWearingKlamby #BanggaPakaiKlamby","Camila cakeep kaa â¤ï¸â¤ï¸",0
bellmirs,post_009,"Belanja online emang praktis, tapi belanja di store juga seru karena bisa nyobain langsung yang pas di kita. Aaaak bagus bagus banget?! Tapi jawaban bojo sangat (nampak) cari amanâ˜ºï¸ Menurut temen-temen, yang mana favorite look kalian? Comment dibawah! #IamWearingKlamby #BanggaPakaiKlamby","Lavina sih ğŸ˜»",0
bellmirs,post_009,"Belanja online emang praktis, tapi belanja di store juga seru karena bisa nyobain langsung yang pas di kita. Aaaak bagus bagus banget?! Tapi jawaban bojo sangat (nampak) cari amanâ˜ºï¸ Menurut temen-temen, yang mana favorite look kalian? Comment dibawah! #IamWearingKlamby #BanggaPakaiKlamby","Noveli cakep sihhğŸ˜",0
bellmirs,post_009,"Belanja online emang praktis, tapi belanja di store juga seru karena bisa nyobain langsung yang pas di kita. Aaaak bagus bagus banget?! Tapi jawaban bojo sangat (nampak) cari amanâ˜ºï¸ Menurut temen-temen, yang mana favorite look kalian? Comment dibawah! #IamWearingKlamby #BanggaPakaiKlamby","Naksir yang novelie shirt ğŸ˜â¤ï¸",0
bellmirs,post_009,"Belanja online emang praktis, tapi belanja di store juga seru karena bisa nyobain langsung yang pas di kita. Aaaak bagus bagus banget?! Tapi jawaban bojo sangat (nampak) cari amanâ˜ºï¸ Menurut temen-temen, yang mana favorite look kalian? Comment dibawah! #IamWearingKlamby #BanggaPakaiKlamby","Bagus banget mba aku pingin yang no 2 deh",0
bellmirs,post_009,"Belanja online emang praktis, tapi belanja di store juga seru karena bisa nyobain langsung yang pas di kita. Aaaak bagus bagus banget?! Tapi jawaban bojo sangat (nampak) cari amanâ˜ºï¸ Menurut temen-temen, yang mana favorite look kalian? Comment dibawah! #IamWearingKlamby #BanggaPakaiKlamby","Lavina shirtğŸ˜ğŸ˜ Simple tp elegan. Bisa dipake di acara apa aja dengan disesuaikan sm bawahannyağŸ˜â¤ï¸",0
bellmirs,post_009,"Belanja online emang praktis, tapi belanja di store juga seru karena bisa nyobain langsung yang pas di kita. Aaaak bagus bagus banget?! Tapi jawaban bojo sangat (nampak) cari amanâ˜ºï¸ Menurut temen-temen, yang mana favorite look kalian? Comment dibawah! #IamWearingKlamby #BanggaPakaiKlamby","CakepppphhhhhğŸ˜",0
bellmirs,post_009,"Belanja online emang praktis, tapi belanja di store juga seru karena bisa nyobain langsung yang pas di kita. Aaaak bagus bagus banget?! Tapi jawaban bojo sangat (nampak) cari amanâ˜ºï¸ Menurut temen-temen, yang mana favorite look kalian? Comment dibawah! #IamWearingKlamby #BanggaPakaiKlamby","Lavina simpel cakep bgt kakbeyyğŸ˜",0
bellmirs,post_009,"Belanja online emang praktis, tapi belanja di store juga seru karena bisa nyobain langsung yang pas di kita. Aaaak bagus bagus banget?! Tapi jawaban bojo sangat (nampak) cari amanâ˜ºï¸ Menurut temen-temen, yang mana favorite look kalian? Comment dibawah! #IamWearingKlamby #BanggaPakaiKlamby","Noveli looks formal tp mevvah, palagi fit your body jenjang Bel ğŸ˜",0
bellmirs,post_009,"Belanja online emang praktis, tapi belanja di store juga seru karena bisa nyobain langsung yang pas di kita. Aaaak bagus bagus banget?! Tapi jawaban bojo sangat (nampak) cari amanâ˜ºï¸ Menurut temen-temen, yang mana favorite look kalian? Comment dibawah! #IamWearingKlamby #BanggaPakaiKlamby","Orangnya udh cakep, pake outfit cakep juga. Double comboğŸ˜",0
bellmirs,post_009,"Belanja online emang praktis, tapi belanja di store juga seru karena bisa nyobain langsung yang pas di kita. Aaaak bagus bagus banget?! Tapi jawaban bojo sangat (nampak) cari amanâ˜ºï¸ Menurut temen-temen, yang mana favorite look kalian? Comment dibawah! #IamWearingKlamby #BanggaPakaiKlamby","Lavina ğŸ™ŒğŸ¥° cocok acara apapunn dipaduin pake Skirt /Kulot cantiikâœ¨",0
bellmirs,post_009,"Belanja online emang praktis, tapi belanja di store juga seru karena bisa nyobain langsung yang pas di kita. Aaaak bagus bagus banget?! Tapi jawaban bojo sangat (nampak) cari amanâ˜ºï¸ Menurut temen-temen, yang mana favorite look kalian? Comment dibawah! #IamWearingKlamby #BanggaPakaiKlamby","Cantik sekali Liandra skirt apalagi yang makai bella",0
bellmirs,post_009,"Belanja online emang praktis, tapi belanja di store juga seru karena bisa nyobain langsung yang pas di kita. Aaaak bagus bagus banget?! Tapi jawaban bojo sangat (nampak) cari amanâ˜ºï¸ Menurut temen-temen, yang mana favorite look kalian? Comment dibawah! #IamWearingKlamby #BanggaPakaiKlamby","Liandra shirt cakeppp poulll kakakğŸ˜",0
bellmirs,post_009,"Belanja online emang praktis, tapi belanja di store juga seru karena bisa nyobain langsung yang pas di kita. Aaaak bagus bagus banget?! Tapi jawaban bojo sangat (nampak) cari amanâ˜ºï¸ Menurut temen-temen, yang mana favorite look kalian? Comment dibawah! #IamWearingKlamby #BanggaPakaiKlamby","Noveli kak, cakep, formal tapi elegant",0
bellmirs,post_009,"Belanja online emang praktis, tapi belanja di store juga seru karena bisa nyobain langsung yang pas di kita. Aaaak bagus bagus banget?! Tapi jawaban bojo sangat (nampak) cari amanâ˜ºï¸ Menurut temen-temen, yang mana favorite look kalian? Comment dibawah! #IamWearingKlamby #BanggaPakaiKlamby","Canti banget mama bey",0
bellmirs,post_009,"Belanja online emang praktis, tapi belanja di store juga seru karena bisa nyobain langsung yang pas di kita. Aaaak bagus bagus banget?! Tapi jawaban bojo sangat (nampak) cari amanâ˜ºï¸ Menurut temen-temen, yang mana favorite look kalian? Comment dibawah! #IamWearingKlamby #BanggaPakaiKlamby","Semua baju nya cakep, itu krna org nya cakep juga sihâ¤ï¸",0
bellmirs,post_009,"Belanja online emang praktis, tapi belanja di store juga seru karena bisa nyobain langsung yang pas di kita. Aaaak bagus bagus banget?! Tapi jawaban bojo sangat (nampak) cari amanâ˜ºï¸ Menurut temen-temen, yang mana favorite look kalian? Comment dibawah! #IamWearingKlamby #BanggaPakaiKlamby","Aku vote CamilağŸ˜†",0
bellmirs,post_009,"Belanja online emang praktis, tapi belanja di store juga seru karena bisa nyobain langsung yang pas di kita. Aaaak bagus bagus banget?! Tapi jawaban bojo sangat (nampak) cari amanâ˜ºï¸ Menurut temen-temen, yang mana favorite look kalian? Comment dibawah! #IamWearingKlamby #BanggaPakaiKlamby","Lavina skirtğŸ”¥ğŸ˜",0
bellmirs,post_009,"Belanja online emang praktis, tapi belanja di store juga seru karena bisa nyobain langsung yang pas di kita. Aaaak bagus bagus banget?! Tapi jawaban bojo sangat (nampak) cari amanâ˜ºï¸ Menurut temen-temen, yang mana favorite look kalian? Comment dibawah! #IamWearingKlamby #BanggaPakaiKlamby","Lavina cakeeeppp bangeeettğŸ˜ğŸ˜ designnya diperhatiin bgt tiap sudutnya, kainnya pasti juga gak gerah. AaaakkkkğŸ¤ğŸ¤",0
bellmirs,post_010,"Taking care of yourself doesn't mean 'me first'. It means 'me too'. Take a lil break is okay, Mom!ğŸ¤™ğŸ¼ğŸ¦‹","Tolong Ini gadis apa bunda mudağŸ˜‚ğŸ˜­",5
bellmirs,post_010,"Taking care of yourself doesn't mean 'me first'. It means 'me too'. Take a lil break is okay, Mom!ğŸ¤™ğŸ¼ğŸ¦‹","Mama njaannğŸ˜",0
bellmirs,post_010,"Taking care of yourself doesn't mean 'me first'. It means 'me too'. Take a lil break is okay, Mom!ğŸ¤™ğŸ¼ğŸ¦‹","Ka bella spill celananya ğŸ™",0
bellmirs,post_010,"Taking care of yourself doesn't mean 'me first'. It means 'me too'. Take a lil break is okay, Mom!ğŸ¤™ğŸ¼ğŸ¦‹","Ka bela ini matcha papua garas tana ya?ğŸ˜‚",1
bellmirs,post_010,"Taking care of yourself doesn't mean 'me first'. It means 'me too'. Take a lil break is okay, Mom!ğŸ¤™ğŸ¼ğŸ¦‹","Spill gamenya tolong mabey, ,ğŸ™ğŸ»ğŸ¤£",0
bellmirs,post_010,"Taking care of yourself doesn't mean 'me first'. It means 'me too'. Take a lil break is okay, Mom!ğŸ¤™ğŸ¼ğŸ¦‹","Gemayyâ¤ï¸",0
bellmirs,post_010,"Taking care of yourself doesn't mean 'me first'. It means 'me too'. Take a lil break is okay, Mom!ğŸ¤™ğŸ¼ğŸ¦‹","Bu belll masyallahhhhğŸ˜ menyala anak satu",0
bellmirs,post_010,"Taking care of yourself doesn't mean 'me first'. It means 'me too'. Take a lil break is okay, Mom!ğŸ¤™ğŸ¼ğŸ¦‹","MasyaAllahhğŸ˜ğŸ˜",0
bellmirs,post_010,"Taking care of yourself doesn't mean 'me first'. It means 'me too'. Take a lil break is okay, Mom!ğŸ¤™ğŸ¼ğŸ¦‹","ğŸ˜",0
bellmirs,post_010,"Taking care of yourself doesn't mean 'me first'. It means 'me too'. Take a lil break is okay, Mom!ğŸ¤™ğŸ¼ğŸ¦‹","mukanya jadi yaya bgt bey hahah",0
bellmirs,post_010,"Taking care of yourself doesn't mean 'me first'. It means 'me too'. Take a lil break is okay, Mom!ğŸ¤™ğŸ¼ğŸ¦‹","lagi kuliah semestr berapa kak?ğŸ˜ @bellmirs",0
bellmirs,post_010,"Taking care of yourself doesn't mean 'me first'. It means 'me too'. Take a lil break is okay, Mom!ğŸ¤™ğŸ¼ğŸ¦‹","Spill asesoris nya kak @bellmirs",0
bellmirs,post_011,"Outfit Check! ğŸ“¸ Semenjak menikah, koleksi kebaya aku jadi bertambah. Semakin bertambah usia, semakin sering berkebayağŸ˜ Ternyata kebaya tuh cakep banget ya! #ootdbellmirs","ğŸ˜ğŸ˜",2
bellmirs,post_011,"Outfit Check! ğŸ“¸ Semenjak menikah, koleksi kebaya aku jadi bertambah. Semakin bertambah usia, semakin sering berkebayağŸ˜ Ternyata kebaya tuh cakep banget ya! #ootdbellmirs","MasyaAlloh cantik bgtğŸ˜",1
bellmirs,post_011,"Outfit Check! ğŸ“¸ Semenjak menikah, koleksi kebaya aku jadi bertambah. Semakin bertambah usia, semakin sering berkebayağŸ˜ Ternyata kebaya tuh cakep banget ya! #ootdbellmirs","Cantik banget beyğŸ˜ğŸ˜",1
bellmirs,post_011,"Outfit Check! ğŸ“¸ Semenjak menikah, koleksi kebaya aku jadi bertambah. Semakin bertambah usia, semakin sering berkebayağŸ˜ Ternyata kebaya tuh cakep banget ya! #ootdbellmirs","Cantik banget Masya Allah â¤ï¸",7
bellmirs,post_011,"Outfit Check! ğŸ“¸ Semenjak menikah, koleksi kebaya aku jadi bertambah. Semakin bertambah usia, semakin sering berkebayağŸ˜ Ternyata kebaya tuh cakep banget ya! #ootdbellmirs","cantikkkk bangettt sayangggğŸ˜",1
bellmirs,post_011,"Outfit Check! ğŸ“¸ Semenjak menikah, koleksi kebaya aku jadi bertambah. Semakin bertambah usia, semakin sering berkebayağŸ˜ Ternyata kebaya tuh cakep banget ya! #ootdbellmirs","cocok banget warnanya di kak bel ğŸ˜ğŸ˜",1
bellmirs,post_011,"Outfit Check! ğŸ“¸ Semenjak menikah, koleksi kebaya aku jadi bertambah. Semakin bertambah usia, semakin sering berkebayağŸ˜ Ternyata kebaya tuh cakep banget ya! #ootdbellmirs","ğŸ˜ğŸ˜",1
bellmirs,post_011,"Outfit Check! ğŸ“¸ Semenjak menikah, koleksi kebaya aku jadi bertambah. Semakin bertambah usia, semakin sering berkebayağŸ˜ Ternyata kebaya tuh cakep banget ya! #ootdbellmirs","Cantik bgt bella",1
bellmirs,post_011,"Outfit Check! ğŸ“¸ Semenjak menikah, koleksi kebaya aku jadi bertambah. Semakin bertambah usia, semakin sering berkebayağŸ˜ Ternyata kebaya tuh cakep banget ya! #ootdbellmirs","Selalu tantik Masyaa Alloh TabarakallahğŸ˜",1
bellmirs,post_011,"Outfit Check! ğŸ“¸ Semenjak menikah, koleksi kebaya aku jadi bertambah. Semakin bertambah usia, semakin sering berkebayağŸ˜ Ternyata kebaya tuh cakep banget ya! #ootdbellmirs","Selalu Cuantik polllğŸ˜",1
bellmirs,post_011,"Outfit Check! ğŸ“¸ Semenjak menikah, koleksi kebaya aku jadi bertambah. Semakin bertambah usia, semakin sering berkebayağŸ˜ Ternyata kebaya tuh cakep banget ya! #ootdbellmirs","Canteek pooooollllğŸ”¥ğŸ”¥",2
bellmirs,post_011,"Outfit Check! ğŸ“¸ Semenjak menikah, koleksi kebaya aku jadi bertambah. Semakin bertambah usia, semakin sering berkebayağŸ˜ Ternyata kebaya tuh cakep banget ya! #ootdbellmirs","Kabel spill sepatu!",1
bellmirs,post_011,"Outfit Check! ğŸ“¸ Semenjak menikah, koleksi kebaya aku jadi bertambah. Semakin bertambah usia, semakin sering berkebayağŸ˜ Ternyata kebaya tuh cakep banget ya! #ootdbellmirs","Roknya itu kekmana konsepnya kak kog gt punten bgtğŸ™",5
bellmirs,post_011,"Outfit Check! ğŸ“¸ Semenjak menikah, koleksi kebaya aku jadi bertambah. Semakin bertambah usia, semakin sering berkebayağŸ˜ Ternyata kebaya tuh cakep banget ya! #ootdbellmirs","Cantiknyaaa mama beyy ğŸ˜",1
bellmirs,post_011,"Outfit Check! ğŸ“¸ Semenjak menikah, koleksi kebaya aku jadi bertambah. Semakin bertambah usia, semakin sering berkebayağŸ˜ Ternyata kebaya tuh cakep banget ya! #ootdbellmirs","â¤ï¸â¤ï¸",1
bellmirs,post_011,"Outfit Check! ğŸ“¸ Semenjak menikah, koleksi kebaya aku jadi bertambah. Semakin bertambah usia, semakin sering berkebayağŸ˜ Ternyata kebaya tuh cakep banget ya! #ootdbellmirs","Always stunning kakbeyyğŸ˜",1
bellmirs,post_011,"Outfit Check! ğŸ“¸ Semenjak menikah, koleksi kebaya aku jadi bertambah. Semakin bertambah usia, semakin sering berkebayağŸ˜ Ternyata kebaya tuh cakep banget ya! #ootdbellmirs","Salalu cantik mba bellğŸ˜",2
bellmirs,post_011,"Outfit Check! ğŸ“¸ Semenjak menikah, koleksi kebaya aku jadi bertambah. Semakin bertambah usia, semakin sering berkebayağŸ˜ Ternyata kebaya tuh cakep banget ya! #ootdbellmirs","Selalu beda dari yang lain MaasyaaAllahğŸ˜",2
bellmirs,post_011,"Outfit Check! ğŸ“¸ Semenjak menikah, koleksi kebaya aku jadi bertambah. Semakin bertambah usia, semakin sering berkebayağŸ˜ Ternyata kebaya tuh cakep banget ya! #ootdbellmirs","Selalu perfectâ¤ï¸â¤ï¸",1
bellmirs,post_011,"Outfit Check! ğŸ“¸ Semenjak menikah, koleksi kebaya aku jadi bertambah. Semakin bertambah usia, semakin sering berkebayağŸ˜ Ternyata kebaya tuh cakep banget ya! #ootdbellmirs","Dimana letak ibu anak 1 nya mama bey ğŸ˜­",1
bellmirs,post_011,"Outfit Check! ğŸ“¸ Semenjak menikah, koleksi kebaya aku jadi bertambah. Semakin bertambah usia, semakin sering berkebayağŸ˜ Ternyata kebaya tuh cakep banget ya! #ootdbellmirs","Kak kamu catulita majah sekaliğŸ˜",1
bellmirs,post_011,"Outfit Check! ğŸ“¸ Semenjak menikah, koleksi kebaya aku jadi bertambah. Semakin bertambah usia, semakin sering berkebayağŸ˜ Ternyata kebaya tuh cakep banget ya! #ootdbellmirs","â¤ï¸â¤ï¸â¤ï¸",1
sarwendah29,post_012,"Belajar berdiam dan menjalani apa yg harus dijalani dengan semangat karena belum tentu semua orang bisa ada diposisi ini dan menjalani ini, ingat bahagiamu itu kamu yang rasa jangan biarkan orang lain yang mengatur kebahagiaanmuâ˜ºï¸â˜ºï¸ #SW #Sarwendah","ğŸ”¥ğŸ”¥ğŸ”¥ğŸ‘ğŸ‘ğŸ‘ğŸ‘â¤ï¸â¤ï¸",2
sarwendah29,post_012,"Belajar berdiam dan menjalani apa yg harus dijalani dengan semangat karena belum tentu semua orang bisa ada diposisi ini dan menjalani ini, ingat bahagiamu itu kamu yang rasa jangan biarkan orang lain yang mengatur kebahagiaanmuâ˜ºï¸â˜ºï¸ #SW #Sarwendah","Setuju bun",7
sarwendah29,post_012,"Belajar berdiam dan menjalani apa yg harus dijalani dengan semangat karena belum tentu semua orang bisa ada diposisi ini dan menjalani ini, ingat bahagiamu itu kamu yang rasa jangan biarkan orang lain yang mengatur kebahagiaanmuâ˜ºï¸â˜ºï¸ #SW #Sarwendah","Semangat bunda demi ke 3 anak anak tercinta ğŸ¥°â¤ï¸",2
sarwendah29,post_012,"Belajar berdiam dan menjalani apa yg harus dijalani dengan semangat karena belum tentu semua orang bisa ada diposisi ini dan menjalani ini, ingat bahagiamu itu kamu yang rasa jangan biarkan orang lain yang mengatur kebahagiaanmuâ˜ºï¸â˜ºï¸ #SW #Sarwendah","Masyallah bunda cantik banget",2
sarwendah29,post_012,"Belajar berdiam dan menjalani apa yg harus dijalani dengan semangat karena belum tentu semua orang bisa ada diposisi ini dan menjalani ini, ingat bahagiamu itu kamu yang rasa jangan biarkan orang lain yang mengatur kebahagiaanmuâ˜ºï¸â˜ºï¸ #SW #Sarwendah","Bunda cantik sehat selalu bahagia â¤ï¸",8
sarwendah29,post_012,"Belajar berdiam dan menjalani apa yg harus dijalani dengan semangat karena belum tentu semua orang bisa ada diposisi ini dan menjalani ini, ingat bahagiamu itu kamu yang rasa jangan biarkan orang lain yang mengatur kebahagiaanmuâ˜ºï¸â˜ºï¸ #SW #Sarwendah","Bener banget bunda",0
sarwendah29,post_012,"Belajar berdiam dan menjalani apa yg harus dijalani dengan semangat karena belum tentu semua orang bisa ada diposisi ini dan menjalani ini, ingat bahagiamu itu kamu yang rasa jangan biarkan orang lain yang mengatur kebahagiaanmuâ˜ºï¸â˜ºï¸ #SW #Sarwendah","Semangat bundaâ¤ï¸â¤ï¸â¤ï¸",2
sarwendah29,post_012,"Belajar berdiam dan menjalani apa yg harus dijalani dengan semangat karena belum tentu semua orang bisa ada diposisi ini dan menjalani ini, ingat bahagiamu itu kamu yang rasa jangan biarkan orang lain yang mengatur kebahagiaanmuâ˜ºï¸â˜ºï¸ #SW #Sarwendah","Semangat bunda cantikâ¤ï¸â¤ï¸â¤ï¸â¤ï¸",6
sarwendah29,post_012,"Belajar berdiam dan menjalani apa yg harus dijalani dengan semangat karena belum tentu semua orang bisa ada diposisi ini dan menjalani ini, ingat bahagiamu itu kamu yang rasa jangan biarkan orang lain yang mengatur kebahagiaanmuâ˜ºï¸â˜ºï¸ #SW #Sarwendah","â¤ï¸â¤ï¸â¤ï¸â¤ï¸â¤ï¸â¤ï¸â¤ï¸",1
sarwendah29,post_012,"Belajar berdiam dan menjalani apa yg harus dijalani dengan semangat karena belum tentu semua orang bisa ada diposisi ini dan menjalani ini, ingat bahagiamu itu kamu yang rasa jangan biarkan orang lain yang mengatur kebahagiaanmuâ˜ºï¸â˜ºï¸ #SW #Sarwendah","ğŸ˜ğŸ˜ğŸ˜â¤ï¸â¤ï¸",11
sarwendah29,post_012,"Belajar berdiam dan menjalani apa yg harus dijalani dengan semangat karena belum tentu semua orang bisa ada diposisi ini dan menjalani ini, ingat bahagiamu itu kamu yang rasa jangan biarkan orang lain yang mengatur kebahagiaanmuâ˜ºï¸â˜ºï¸ #SW #Sarwendah","Betul sekali bunda sarwendah Semangat terus bunda sarwendah demi trio krucilnya bunda sarwendah ğŸ’ªğŸ’ªâ¤ï¸â¤ï¸â¤ï¸ğŸ˜ğŸ˜ğŸ˜",7
sarwendah29,post_012,"Belajar berdiam dan menjalani apa yg harus dijalani dengan semangat karena belum tentu semua orang bisa ada diposisi ini dan menjalani ini, ingat bahagiamu itu kamu yang rasa jangan biarkan orang lain yang mengatur kebahagiaanmuâ˜ºï¸â˜ºï¸ #SW #Sarwendah","Bahagia sll ci Wendah....ğŸ˜",4
sarwendah29,post_012,"Belajar berdiam dan menjalani apa yg harus dijalani dengan semangat karena belum tentu semua orang bisa ada diposisi ini dan menjalani ini, ingat bahagiamu itu kamu yang rasa jangan biarkan orang lain yang mengatur kebahagiaanmuâ˜ºï¸â˜ºï¸ #SW #Sarwendah","Maaf mau ikut nanya Kok saya susah banget ya buat nurunin berat badan..Padahal udah nyobain berbagai macam cara tapi tetap saja hasilnya nihil....",2
sarwendah29,post_012,"Belajar berdiam dan menjalani apa yg harus dijalani dengan semangat karena belum tentu semua orang bisa ada diposisi ini dan menjalani ini, ingat bahagiamu itu kamu yang rasa jangan biarkan orang lain yang mengatur kebahagiaanmuâ˜ºï¸â˜ºï¸ #SW #Sarwendah","ğŸ˜ğŸ˜˜ğŸ˜˜ Setuju dengan Caption Ci Wendah",8
sarwendah29,post_012,"Belajar berdiam dan menjalani apa yg harus dijalani dengan semangat karena belum tentu semua orang bisa ada diposisi ini dan menjalani ini, ingat bahagiamu itu kamu yang rasa jangan biarkan orang lain yang mengatur kebahagiaanmuâ˜ºï¸â˜ºï¸ #SW #Sarwendah","Bunda kok langsing banget ğŸ˜, Suka penasaran deh kenapa ya artis seleb skrang klo diet kya cepet bnget turun bb emang tips programnya apa pngin juga akuğŸ˜°",18
sarwendah29,post_012,"Belajar berdiam dan menjalani apa yg harus dijalani dengan semangat karena belum tentu semua orang bisa ada diposisi ini dan menjalani ini, ingat bahagiamu itu kamu yang rasa jangan biarkan orang lain yang mengatur kebahagiaanmuâ˜ºï¸â˜ºï¸ #SW #Sarwendah","Cantiknya anak gadisku",0
sarwendah29,post_012,"Belajar berdiam dan menjalani apa yg harus dijalani dengan semangat karena belum tentu semua orang bisa ada diposisi ini dan menjalani ini, ingat bahagiamu itu kamu yang rasa jangan biarkan orang lain yang mengatur kebahagiaanmuâ˜ºï¸â˜ºï¸ #SW #Sarwendah","â¤ï¸â¤ï¸â¤ï¸",1
sarwendah29,post_012,"Belajar berdiam dan menjalani apa yg harus dijalani dengan semangat karena belum tentu semua orang bisa ada diposisi ini dan menjalani ini, ingat bahagiamu itu kamu yang rasa jangan biarkan orang lain yang mengatur kebahagiaanmuâ˜ºï¸â˜ºï¸ #SW #Sarwendah","What a beautiful women ğŸ˜",5
sarwendah29,post_012,"Belajar berdiam dan menjalani apa yg harus dijalani dengan semangat karena belum tentu semua orang bisa ada diposisi ini dan menjalani ini, ingat bahagiamu itu kamu yang rasa jangan biarkan orang lain yang mengatur kebahagiaanmuâ˜ºï¸â˜ºï¸ #SW #Sarwendah","Be strong bundaaaâ¤ï¸",4
sarwendah29,post_012,"Belajar berdiam dan menjalani apa yg harus dijalani dengan semangat karena belum tentu semua orang bisa ada diposisi ini dan menjalani ini, ingat bahagiamu itu kamu yang rasa jangan biarkan orang lain yang mengatur kebahagiaanmuâ˜ºï¸â˜ºï¸ #SW #Sarwendah","Smngat trus mamiooğŸ˜ğŸ˜",2
sarwendah29,post_013,"Waktunya bawa anak-anak liburannnğŸ˜ğŸ˜ğŸ˜ #SW #Sarwendah #DuniaBunSar #Taiwan","Happy Â² dgn kel â¤ï¸",10
sarwendah29,post_013,"Waktunya bawa anak-anak liburannnğŸ˜ğŸ˜ğŸ˜ #SW #Sarwendah #DuniaBunSar #Taiwan","â¤ï¸â¤ï¸",0
sarwendah29,post_013,"Waktunya bawa anak-anak liburannnğŸ˜ğŸ˜ğŸ˜ #SW #Sarwendah #DuniaBunSar #Taiwan","ğŸ˜ğŸ˜ğŸ˜ğŸ˜",8
sarwendah29,post_013,"Waktunya bawa anak-anak liburannnğŸ˜ğŸ˜ğŸ˜ #SW #Sarwendah #DuniaBunSar #Taiwan","Tania luchu bangetğŸ˜",7
sarwendah29,post_013,"Waktunya bawa anak-anak liburannnğŸ˜ğŸ˜ğŸ˜ #SW #Sarwendah #DuniaBunSar #Taiwan","Happy holiday",19
sarwendah29,post_013,"Waktunya bawa anak-anak liburannnğŸ˜ğŸ˜ğŸ˜ #SW #Sarwendah #DuniaBunSar #Taiwan","lucu amat pose cici ğŸ˜‚",5
sarwendah29,post_013,"Waktunya bawa anak-anak liburannnğŸ˜ğŸ˜ğŸ˜ #SW #Sarwendah #DuniaBunSar #Taiwan","Happy holiday Bunda n family,baby boy nya manis banget Bun ğŸ˜ğŸ˜",21
sarwendah29,post_013,"Waktunya bawa anak-anak liburannnğŸ˜ğŸ˜ğŸ˜ #SW #Sarwendah #DuniaBunSar #Taiwan","Tuhan pegang kendali segala nya ,tugas kita adalah selalu berserah dan ucap syukur â¤ï¸â¤ï¸",99
sarwendah29,post_013,"Waktunya bawa anak-anak liburannnğŸ˜ğŸ˜ğŸ˜ #SW #Sarwendah #DuniaBunSar #Taiwan","have fun ğŸ˜ğŸ˜ğŸ˜ğŸ˜ğŸ˜ğŸ˜",6
sarwendah29,post_013,"Waktunya bawa anak-anak liburannnğŸ˜ğŸ˜ğŸ˜ #SW #Sarwendah #DuniaBunSar #Taiwan","Waw seru bangett bun quality time nya dimana tuh ğŸ˜",2
sarwendah29,post_013,"Waktunya bawa anak-anak liburannnğŸ˜ğŸ˜ğŸ˜ #SW #Sarwendah #DuniaBunSar #Taiwan","happy holiday n have fun...ğŸ’—",0
sarwendah29,post_013,"Waktunya bawa anak-anak liburannnğŸ˜ğŸ˜ğŸ˜ #SW #Sarwendah #DuniaBunSar #Taiwan","Waw seru banget bun happy holiday sehat selalu ğŸ”¥ğŸ‘",2
sarwendah29,post_013,"Waktunya bawa anak-anak liburannnğŸ˜ğŸ˜ğŸ˜ #SW #Sarwendah #DuniaBunSar #Taiwan","Have Fun Bunda & Family ğŸ”¥ğŸ˜",33
sarwendah29,post_013,"Waktunya bawa anak-anak liburannnğŸ˜ğŸ˜ğŸ˜ #SW #Sarwendah #DuniaBunSar #Taiwan","Happy holiday bunda with krucil2 gemesnya,,,,",8
sarwendah29,post_013,"Waktunya bawa anak-anak liburannnğŸ˜ğŸ˜ğŸ˜ #SW #Sarwendah #DuniaBunSar #Taiwan","Bagus banget tempat holiday nya, bdw dimana tuh bun?ğŸ˜",0
sarwendah29,post_013,"Waktunya bawa anak-anak liburannnğŸ˜ğŸ˜ğŸ˜ #SW #Sarwendah #DuniaBunSar #Taiwan","Selamat liburan, happy semua, Tuhan menyertai. AminğŸ™ğŸ™",15
sarwendah29,post_013,"Waktunya bawa anak-anak liburannnğŸ˜ğŸ˜ğŸ˜ #SW #Sarwendah #DuniaBunSar #Taiwan","Wow seru banget mami dan anak anak lagi holiday kemana nih? Sehat selalu ya",4
sarwendah29,post_013,"Waktunya bawa anak-anak liburannnğŸ˜ğŸ˜ğŸ˜ #SW #Sarwendah #DuniaBunSar #Taiwan","Tidak ada rancangan Tuhan yg buruk untuk semua anak anak Nya,segala sesuatu terjadi atas seijin Tuhan untuk mendatang kan kebaikan.â¤ï¸",28
sarwendah29,post_013,"Waktunya bawa anak-anak liburannnğŸ˜ğŸ˜ğŸ˜ #SW #Sarwendah #DuniaBunSar #Taiwan","The best family â¤ï¸ğŸ˜â¤ï¸â¤ï¸ğŸ˜ğŸ”¥ğŸ”¥",24
sarwendah29,post_013,"Waktunya bawa anak-anak liburannnğŸ˜ğŸ˜ğŸ˜ #SW #Sarwendah #DuniaBunSar #Taiwan","Happy Holiday Bunda and family ğŸ¥° Kasih Tuhan beserta selalu ğŸ¤—",18
sarwendah29,post_014,"Get ready with me, kira kira look ini mau aku pake kemana ya? #SW #Sarwendah #GetReadyWithMe #DuniaBunsar","Mantap cantik banget pake sunscreen apa nih?",0
sarwendah29,post_014,"Get ready with me, kira kira look ini mau aku pake kemana ya? #SW #Sarwendah #GetReadyWithMe #DuniaBunsar","Jerawat Rindu Papio BunnnnğŸ˜ğŸ˜ğŸ˜‚ğŸ˜‚",18
sarwendah29,post_014,"Get ready with me, kira kira look ini mau aku pake kemana ya? #SW #Sarwendah #GetReadyWithMe #DuniaBunsar","Bareface bunda ğŸ˜",19
sarwendah29,post_014,"Get ready with me, kira kira look ini mau aku pake kemana ya? #SW #Sarwendah #GetReadyWithMe #DuniaBunsar","Bundadari cantik alamiâ¤ï¸",9
sarwendah29,post_014,"Get ready with me, kira kira look ini mau aku pake kemana ya? #SW #Sarwendah #GetReadyWithMe #DuniaBunsar","ğŸ˜®ğŸ˜®ğŸ˜®ğŸ˜®ğŸ˜®ğŸ˜®",3
sarwendah29,post_014,"Get ready with me, kira kira look ini mau aku pake kemana ya? #SW #Sarwendah #GetReadyWithMe #DuniaBunsar","Bunda kalau alami cantik banget â¤ï¸â¤ï¸â¤ï¸â¤ï¸",6
sarwendah29,post_014,"Get ready with me, kira kira look ini mau aku pake kemana ya? #SW #Sarwendah #GetReadyWithMe #DuniaBunsar","â¤ï¸",0
sarwendah29,post_014,"Get ready with me, kira kira look ini mau aku pake kemana ya? #SW #Sarwendah #GetReadyWithMe #DuniaBunsar","Berkat Tuhan bunda dikasih cantik manis alami ğŸ˜",9
sarwendah29,post_014,"Get ready with me, kira kira look ini mau aku pake kemana ya? #SW #Sarwendah #GetReadyWithMe #DuniaBunsar","Niat banget stylingnya â€” rambut, outfit, vibesâ€”sempurna!",0
sarwendah29,post_014,"Get ready with me, kira kira look ini mau aku pake kemana ya? #SW #Sarwendah #GetReadyWithMe #DuniaBunsar","Beautiful bunda wendah â¤ï¸ğŸ˜",0
sarwendah29,post_014,"Get ready with me, kira kira look ini mau aku pake kemana ya? #SW #Sarwendah #GetReadyWithMe #DuniaBunsar","Bunda kalo non makeup cantiknya plus pliss bangetğŸ˜",0
sarwendah29,post_014,"Get ready with me, kira kira look ini mau aku pake kemana ya? #SW #Sarwendah #GetReadyWithMe #DuniaBunsar","Waw baju tidurnya cakep amat kak spill dong ğŸ˜",0
sarwendah29,post_014,"Get ready with me, kira kira look ini mau aku pake kemana ya? #SW #Sarwendah #GetReadyWithMe #DuniaBunsar","Bunda cantiknya mutlak deh spill dong tipsnya ğŸ˜",0
sarwendah29,post_014,"Get ready with me, kira kira look ini mau aku pake kemana ya? #SW #Sarwendah #GetReadyWithMe #DuniaBunsar","Bunda lbh cantik alami gini",2
sarwendah29,post_014,"Get ready with me, kira kira look ini mau aku pake kemana ya? #SW #Sarwendah #GetReadyWithMe #DuniaBunsar","ğŸ‘",0
sarwendah29,post_014,"Get ready with me, kira kira look ini mau aku pake kemana ya? #SW #Sarwendah #GetReadyWithMe #DuniaBunsar","Bagus bun itu hair care nya jadi pengen cobain",0
sarwendah29,post_014,"Get ready with me, kira kira look ini mau aku pake kemana ya? #SW #Sarwendah #GetReadyWithMe #DuniaBunsar","Bund cakep amat baju tidurnya",13
sarwendah29,post_014,"Get ready with me, kira kira look ini mau aku pake kemana ya? #SW #Sarwendah #GetReadyWithMe #DuniaBunsar","Bund bisa cantik banget nih ğŸ˜",2
sarwendah29,post_014,"Get ready with me, kira kira look ini mau aku pake kemana ya? #SW #Sarwendah #GetReadyWithMe #DuniaBunsar","Sama mamio ğŸ˜ akupun klo. Pakek yaa satu badan... Sblom tidur pun kadang pakek juga ğŸ˜",3
sarwendah29,post_014,"Get ready with me, kira kira look ini mau aku pake kemana ya? #SW #Sarwendah #GetReadyWithMe #DuniaBunsar","Mamiooo paketku baru saja tiba,sumpah yg jasmine blossom enak bnget wanginya ..",0
sarwendah29,post_014,"Get ready with me, kira kira look ini mau aku pake kemana ya? #SW #Sarwendah #GetReadyWithMe #DuniaBunsar","Hair care nya menarik tuh bun aku mau coba juga ah",0
sarwendah29,post_014,"Get ready with me, kira kira look ini mau aku pake kemana ya? #SW #Sarwendah #GetReadyWithMe #DuniaBunsar","â¤ï¸",3
sarwendah29,post_014,"Get ready with me, kira kira look ini mau aku pake kemana ya? #SW #Sarwendah #GetReadyWithMe #DuniaBunsar","Kayaknya cocok deh buat acara keluarga atau hangout santai ğŸ¥°",0
sarwendah29,post_014,"Get ready with me, kira kira look ini mau aku pake kemana ya? #SW #Sarwendah #GetReadyWithMe #DuniaBunsar","Mamio buruan gih balik indo ada yang kangen tuh ,gak tenang dia,live bareng adek n cecenya mantau hp muluğŸ˜‚.",25
sarwendah29,post_014,"Get ready with me, kira kira look ini mau aku pake kemana ya? #SW #Sarwendah #GetReadyWithMe #DuniaBunsar","ğŸ’šğŸ’šğŸ’šğŸ’š",0
sarwendah29,post_014,"Get ready with me, kira kira look ini mau aku pake kemana ya? #SW #Sarwendah #GetReadyWithMe #DuniaBunsar","Bunda cantik banget barefaceğŸ˜â¤ï¸",1
sarwendah29,post_014,"Get ready with me, kira kira look ini mau aku pake kemana ya? #SW #Sarwendah #GetReadyWithMe #DuniaBunsar","Suka sama look makeup nya bun, sering2 dong buat konten GRWM",0
sarwendah29,post_014,"Get ready with me, kira kira look ini mau aku pake kemana ya? #SW #Sarwendah #GetReadyWithMe #DuniaBunsar","Bunda nih lebih keliatan cantikk bangett bareface sumpahhâ¤ï¸",3
sarwendah29,post_014,"Get ready with me, kira kira look ini mau aku pake kemana ya? #SW #Sarwendah #GetReadyWithMe #DuniaBunsar","GaraÂ² mamio aq jadi suka varian Jasmin blossom ğŸ˜ğŸ˜",3
sarwendah29,post_014,"Get ready with me, kira kira look ini mau aku pake kemana ya? #SW #Sarwendah #GetReadyWithMe #DuniaBunsar","Mau kemana nih bun cantik amay",1
sarwendah29,post_014,"Get ready with me, kira kira look ini mau aku pake kemana ya? #SW #Sarwendah #GetReadyWithMe #DuniaBunsar","Ya ampun bun kok makin hari makin cantik aja deh spill tipis tipis dong",4
sarwendah29,post_014,"Get ready with me, kira kira look ini mau aku pake kemana ya? #SW #Sarwendah #GetReadyWithMe #DuniaBunsar","Tombol setuju bunda cantik bangetğŸ‘‰",6
sarwendah29,post_014,"Get ready with me, kira kira look ini mau aku pake kemana ya? #SW #Sarwendah #GetReadyWithMe #DuniaBunsar","Maaf ikut nanya, gimana ya cara mengempesin perut buncit dan nurunin berat badan yg efektif? soalnya gak nyaman bngt buat beraktivitas akhir2 ini..ğŸ˜«",3
sarwendah29,post_014,"Get ready with me, kira kira look ini mau aku pake kemana ya? #SW #Sarwendah #GetReadyWithMe #DuniaBunsar","Samaan kita mamio, pake jasmine blossome â¤ï¸â¤ï¸â¤ï¸â¤ï¸",13
sarwendah29,post_014,"Get ready with me, kira kira look ini mau aku pake kemana ya? #SW #Sarwendah #GetReadyWithMe #DuniaBunsar","Salpok sama piyamanya bunsar. Lucu banget jadi pengen",1
sarwendah29,post_014,"Get ready with me, kira kira look ini mau aku pake kemana ya? #SW #Sarwendah #GetReadyWithMe #DuniaBunsar","Bunsar tanpa make up kayak anak ABGğŸ˜",1
sarwendah29,post_015,"Ketemu guru terbaikku waktu sekolah diTaiwanğŸ˜ğŸ˜ #SW #Sarwendah #DuniaBunSar","Ga prnh notice ci wendah selama ini, ternyata pendidikan ci wenda ga kalengÂ², pakaian sopan tutur katanya juga ci wenda beneran one in a thousand.you have a value as a woman dan yang ga nyangka lagi ci wendah rupanya kuliah dibeijing .",284
sarwendah29,post_015,"Ketemu guru terbaikku waktu sekolah diTaiwanğŸ˜ğŸ˜ #SW #Sarwendah #DuniaBunSar","Bundaâ¤ï¸â¤ï¸",8
sarwendah29,post_015,"Ketemu guru terbaikku waktu sekolah diTaiwanğŸ˜ğŸ˜ #SW #Sarwendah #DuniaBunSar","Cantik banget",9
sarwendah29,post_015,"Ketemu guru terbaikku waktu sekolah diTaiwanğŸ˜ğŸ˜ #SW #Sarwendah #DuniaBunSar","â¤ï¸â¤ï¸â¤ï¸â¤ï¸",2
sarwendah29,post_015,"Ketemu guru terbaikku waktu sekolah diTaiwanğŸ˜ğŸ˜ #SW #Sarwendah #DuniaBunSar","Bunda ğŸ˜",6
sarwendah29,post_015,"Ketemu guru terbaikku waktu sekolah diTaiwanğŸ˜ğŸ˜ #SW #Sarwendah #DuniaBunSar","Mamio cantik banget ğŸ˜",7
sarwendah29,post_015,"Ketemu guru terbaikku waktu sekolah diTaiwanğŸ˜ğŸ˜ #SW #Sarwendah #DuniaBunSar","Happy fun bundaa ğŸ˜",4
sarwendah29,post_015,"Ketemu guru terbaikku waktu sekolah diTaiwanğŸ˜ğŸ˜ #SW #Sarwendah #DuniaBunSar","â¤ï¸â¤ï¸",2
sarwendah29,post_015,"Ketemu guru terbaikku waktu sekolah diTaiwanğŸ˜ğŸ˜ #SW #Sarwendah #DuniaBunSar","Bundaaâ¤ï¸â¤ï¸",2
sarwendah29,post_015,"Ketemu guru terbaikku waktu sekolah diTaiwanğŸ˜ğŸ˜ #SW #Sarwendah #DuniaBunSar","Selamat liburan di Taiwan Bunda sarwendah bersama AnakÂ²nya Koko Onyo betrandputraonsu Cici thaliaputrionsu Mami thaniaputrionsu jaga selalu kesehatannya semua semangat bahagia selalu bersama keluarga AminğŸ™ğŸ»ğŸ˜ğŸ¥°",44
sarwendah29,post_015,"Ketemu guru terbaikku waktu sekolah diTaiwanğŸ˜ğŸ˜ #SW #Sarwendah #DuniaBunSar","Cakep banget bunâ¤ï¸â¤ï¸",5
sarwendah29,post_015,"Ketemu guru terbaikku waktu sekolah diTaiwanğŸ˜ğŸ˜ #SW #Sarwendah #DuniaBunSar","Cantikâ¤ï¸",4
sarwendah29,post_015,"Ketemu guru terbaikku waktu sekolah diTaiwanğŸ˜ğŸ˜ #SW #Sarwendah #DuniaBunSar","Bunda cantiknya makin mempesonaâ¤ï¸â¤ï¸â¤ï¸",6
sarwendah29,post_015,"Ketemu guru terbaikku waktu sekolah diTaiwanğŸ˜ğŸ˜ #SW #Sarwendah #DuniaBunSar","kok jadi mirip @giorgioantonioc",15
sarwendah29,post_015,"Ketemu guru terbaikku waktu sekolah diTaiwanğŸ˜ğŸ˜ #SW #Sarwendah #DuniaBunSar","è”¡çˆ¸çˆ¸å¥½ä¹…ä¸è§ ğŸ˜ğŸ˜ğŸ˜ @sarwendah29",8
sarwendah29,post_015,"Ketemu guru terbaikku waktu sekolah diTaiwanğŸ˜ğŸ˜ #SW #Sarwendah #DuniaBunSar","Bahagia selalu bunda terus",10
sarwendah29,post_015,"Ketemu guru terbaikku waktu sekolah diTaiwanğŸ˜ğŸ˜ #SW #Sarwendah #DuniaBunSar","Bunda cantik bangetğŸ˜",12
sarwendah29,post_015,"Ketemu guru terbaikku waktu sekolah diTaiwanğŸ˜ğŸ˜ #SW #Sarwendah #DuniaBunSar","â¤ï¸â¤ï¸â¤ï¸",1
sarwendah29,post_015,"Ketemu guru terbaikku waktu sekolah diTaiwanğŸ˜ğŸ˜ #SW #Sarwendah #DuniaBunSar","Mamiooooâ¤ï¸â¤ï¸â¤ï¸",3
sarwendah29,post_015,"Ketemu guru terbaikku waktu sekolah diTaiwanğŸ˜ğŸ˜ #SW #Sarwendah #DuniaBunSar","Bunda cantik bangetâ¤ï¸â¤ï¸",6
sarwendah29,post_016,"Nah kan ini rahasia aku tetep aman, nyaman, dan ga gengges pas lagi red day! Samaan kaya aku yuk, cobain sekarang productnya! ğŸ˜ğŸ¥° #MakeYourDayEasy #HaidJadiEasy","ğŸ’šğŸ’šğŸ’šğŸ’š",1
sarwendah29,post_016,"Nah kan ini rahasia aku tetep aman, nyaman, dan ga gengges pas lagi red day! Samaan kaya aku yuk, cobain sekarang productnya! ğŸ˜ğŸ¥° #MakeYourDayEasy #HaidJadiEasy","ğŸ˜‚",5
sarwendah29,post_016,"Nah kan ini rahasia aku tetep aman, nyaman, dan ga gengges pas lagi red day! Samaan kaya aku yuk, cobain sekarang productnya! ğŸ˜ğŸ¥° #MakeYourDayEasy #HaidJadiEasy","Manda keren ğŸ‘ğŸ˜",3
sarwendah29,post_016,"Nah kan ini rahasia aku tetep aman, nyaman, dan ga gengges pas lagi red day! Samaan kaya aku yuk, cobain sekarang productnya! ğŸ˜ğŸ¥° #MakeYourDayEasy #HaidJadiEasy","ğŸ˜‚ğŸ˜‚ kreatif ğŸ˜‚ğŸ‘",3
sarwendah29,post_016,"Nah kan ini rahasia aku tetep aman, nyaman, dan ga gengges pas lagi red day! Samaan kaya aku yuk, cobain sekarang productnya! ğŸ˜ğŸ¥° #MakeYourDayEasy #HaidJadiEasy","ğŸ˜‚ğŸ˜‚ğŸ˜‚ğŸ˜‚",1
sarwendah29,post_016,"Nah kan ini rahasia aku tetep aman, nyaman, dan ga gengges pas lagi red day! Samaan kaya aku yuk, cobain sekarang productnya! ğŸ˜ğŸ¥° #MakeYourDayEasy #HaidJadiEasy","lama"" gw ngfens sama si manda kaptenya sargioğŸ˜‚",55
sarwendah29,post_016,"Nah kan ini rahasia aku tetep aman, nyaman, dan ga gengges pas lagi red day! Samaan kaya aku yuk, cobain sekarang productnya! ğŸ˜ğŸ¥° #MakeYourDayEasy #HaidJadiEasy","Beneran bisa nyerap banyak kah ini",0
sarwendah29,post_016,"Nah kan ini rahasia aku tetep aman, nyaman, dan ga gengges pas lagi red day! Samaan kaya aku yuk, cobain sekarang productnya! ğŸ˜ğŸ¥° #MakeYourDayEasy #HaidJadiEasy","ğŸ˜ğŸ˜ğŸ˜ğŸ˜",1
sarwendah29,post_016,"Nah kan ini rahasia aku tetep aman, nyaman, dan ga gengges pas lagi red day! Samaan kaya aku yuk, cobain sekarang productnya! ğŸ˜ğŸ¥° #MakeYourDayEasy #HaidJadiEasy","BENER BENER LU YAAA MANDAAAAA",4
sarwendah29,post_016,"Nah kan ini rahasia aku tetep aman, nyaman, dan ga gengges pas lagi red day! Samaan kaya aku yuk, cobain sekarang productnya! ğŸ˜ğŸ¥° #MakeYourDayEasy #HaidJadiEasy","Manda lucu banget ğŸ˜‚apalagi kalau live ada dia baru rame",14
sarwendah29,post_016,"Nah kan ini rahasia aku tetep aman, nyaman, dan ga gengges pas lagi red day! Samaan kaya aku yuk, cobain sekarang productnya! ğŸ˜ğŸ¥° #MakeYourDayEasy #HaidJadiEasy","Bunda sekarang kelihatan lebih ceria sehat selalu ya",0
sarwendah29,post_016,"Nah kan ini rahasia aku tetep aman, nyaman, dan ga gengges pas lagi red day! Samaan kaya aku yuk, cobain sekarang productnya! ğŸ˜ğŸ¥° #MakeYourDayEasy #HaidJadiEasy","Emang ya timnya bunsar pinter ngelawakğŸ˜‚",2
sarwendah29,post_016,"Nah kan ini rahasia aku tetep aman, nyaman, dan ga gengges pas lagi red day! Samaan kaya aku yuk, cobain sekarang productnya! ğŸ˜ğŸ¥° #MakeYourDayEasy #HaidJadiEasy","Apasi man ğŸ˜‚ğŸ˜‚ğŸ˜‚ğŸ˜‚",1
sarwendah29,post_016,"Nah kan ini rahasia aku tetep aman, nyaman, dan ga gengges pas lagi red day! Samaan kaya aku yuk, cobain sekarang productnya! ğŸ˜ğŸ¥° #MakeYourDayEasy #HaidJadiEasy","Bunda cantik banget @sarwendah29",8
sarwendah29,post_016,"Nah kan ini rahasia aku tetep aman, nyaman, dan ga gengges pas lagi red day! Samaan kaya aku yuk, cobain sekarang productnya! ğŸ˜ğŸ¥° #MakeYourDayEasy #HaidJadiEasy","@alamandapj bisa alami gt yaa aktingnyğŸ˜‚",1
sarwendah29,post_016,"Nah kan ini rahasia aku tetep aman, nyaman, dan ga gengges pas lagi red day! Samaan kaya aku yuk, cobain sekarang productnya! ğŸ˜ğŸ¥° #MakeYourDayEasy #HaidJadiEasy","Semoga Tuhan selalu memberkati Bunda",0
sarwendah29,post_016,"Nah kan ini rahasia aku tetep aman, nyaman, dan ga gengges pas lagi red day! Samaan kaya aku yuk, cobain sekarang productnya! ğŸ˜ğŸ¥° #MakeYourDayEasy #HaidJadiEasy","Manda lamaÂ² lucu bgt sih ğŸ˜‚",5
sarwendah29,post_016,"Nah kan ini rahasia aku tetep aman, nyaman, dan ga gengges pas lagi red day! Samaan kaya aku yuk, cobain sekarang productnya! ğŸ˜ğŸ¥° #MakeYourDayEasy #HaidJadiEasy","Kapten anda kenapa??? G ada asupan jadi nya gini",1
sarwendah29,post_016,"Nah kan ini rahasia aku tetep aman, nyaman, dan ga gengges pas lagi red day! Samaan kaya aku yuk, cobain sekarang productnya! ğŸ˜ğŸ¥° #MakeYourDayEasy #HaidJadiEasy","Gw demen suara cepreng luu Manda ğŸ˜‚",3
sarwendah29,post_016,"Nah kan ini rahasia aku tetep aman, nyaman, dan ga gengges pas lagi red day! Samaan kaya aku yuk, cobain sekarang productnya! ğŸ˜ğŸ¥° #MakeYourDayEasy #HaidJadiEasy","Sumpah salfok bgt klo liat artis seleb ini ko dietnya cepet kurusnya si, kasih tau dong tips dan programnya dong",20
